project,lineage,arm,step,ctx_start,turns,tools,inp,cc,cr,out,usd,est
p1,A-s1,A,COMPACT#1,0,1,0,0,0,0,0,0.0,
p1,A-s1,A,R1P1,41454,16,15,130,44979,858194,12891,0.20662815,
p1,A-s1,A,R1P2,64661,1,0,10,41522,23129,951,0.0589804,
p1,A-s1,A,R1P3,65645,20,19,162,26866,1616222,15045,0.2705917,
p1,A-s1,A,R1P4,92279,13,12,106,6465,1238369,3259,0.14831915,
p1,A-s1,A,R1P5,98612,4,3,34,6040,400718,4117,0.0682408,
p1,A-s1,A,work:WB1,104778,14,13,114,13063,1553829,8513,0.21439065,
p1,A-s1,A,R1P6,118246,7,6,58,124386,727188,4118,0.2488493,
p1,A-s1,A,work:W2-W3+band,124898,33,31,268,35362,4548602,15202,0.5753406999999999,
p1,A-s1,A,COMPACT#2,152455,2,0,0,0,152455,2926,0.0298755,1
p1,A-s1,A,R2P1,38920,1,0,10,15781,23129,626,0.02517915,
p1,A-s1,A,R2P2,39650,4,3,34,23507,147910,1973,0.05407375,
p1,A-s1,A,R2P3,47812,24,23,194,17114,1372358,9766,0.2076523,
p1,A-s1,A,R2P4,64394,19,18,154,53378,1296240,8320,0.2381005,
p1,A-s1,A,R2P5,77181,15,14,122,8266,1211643,3958,0.15140879999999998,
p1,A-s1,A,R2P6,85629,8,7,66,3876,697442,1676,0.0830352,
p1,A-s1,A,work:H5-H8 band,94832,17,16,138,85966,1648724,7842,0.3116779,
p1,A-s1,A,COMPACT#3,106615,1,0,0,0,106615,2827,0.0247965,1
p1,A-s1,A,R3P1,43569,7,6,58,24097,296096,1976,0.06966885,
p1,A-s1,A,R3P2,49568,1,0,10,823,48735,1599,0.01390725,
p1,A-s1,A,R3P3,51238,7,6,58,10477,387129,3996,0.07184715,
p1,A-s1,A,R3P4,60275,18,17,146,15957,1241769,8872,0.18862915000000002,
p1,A-s1,A,R3P5,76275,11,10,90,8114,879544,5541,0.1258919,
p1,A-s1,A,R3P6,84362,2,1,18,512,168458,546,0.0202338,
p1,A-s2,A,COMPACT#1,0,1,0,0,0,0,0,0.0,
p1,A-s2,A,R1P1,41460,1,0,10,22586,18864,892,0.0345889,
p1,A-s2,A,R1P2,42391,1,0,10,19249,23132,1252,0.03264445,
p1,A-s2,A,R1P3,43676,1,0,10,1285,42381,2093,0.01631935,
p1,A-s2,A,R1P4,45980,21,20,170,17841,1147486,5962,0.16702985,
p1,A-s2,A,R1P5,62033,10,9,82,7225,656716,3380,0.09168485000000001,
p1,A-s2,A,work:WB1,69437,1,0,10,695,68732,832,0.011911950000000001,
p1,A-s2,A,R1P6,70561,9,8,74,82237,619195,6562,0.19759975,
p1,A-s2,A,work:W2-W3+band,82728,6,0,60,65125,447850,6101,0.15675625,
p1,A-s2,A,COMPACT#2,88267,2,0,0,0,88267,2360,0.0206267,1
p1,A-s2,A,R2P1,41081,6,5,50,26732,253384,3211,0.07485839999999999,
p1,A-s2,A,R2P2,50739,1,0,10,27597,23132,1278,0.043209449999999996,
p1,A-s2,A,R2P3,52054,14,13,114,14367,830813,6908,0.13569404999999998,
p1,A-s2,A,R2P4,65855,20,19,162,14887,1474052,7504,0.20369595000000001,
p1,A-s2,A,R2P5,80653,14,13,114,8651,1184647,3887,0.14882745,
p1,A-s2,A,R2P6,89431,1,0,10,0,89421,860,0.013252100000000001,
p1,A-s2,A,work:H5-H8 band,95834,13,12,106,87765,1272701,7541,0.27478735,
p1,A-s2,A,COMPACT#3,108414,1,0,0,0,108414,2976,0.025721400000000002,1
p1,A-s2,A,R3P1,45186,3,2,26,22545,115507,1358,0.04654795,
p1,A-s2,A,R3P2,48065,1,0,10,872,47183,948,0.0105583,
p1,A-s2,A,R3P3,49084,21,20,170,15133,1193102,6416,0.17047645,
p1,A-s2,A,R3P4,63428,21,20,170,11074,1440901,6666,0.1914326,
p1,A-s2,A,R3P5,74528,13,12,106,10813,1047107,6355,0.15010795000000002,
p1,A-s2,A,R3P6,85587,3,2,26,1393,256484,854,0.03168565,
p1,A-s3,A,COMPACT#1,0,1,0,0,0,0,0,0.0,
p1,A-s3,A,R1P1,41466,27,26,218,47677,1547979,15118,0.29020215000000005,
p1,A-s3,A,R1P2,67407,1,0,10,44262,23135,810,0.061701,
p1,A-s3,A,R1P3,68250,27,26,218,22795,2181003,13848,0.31605205000000003,
p1,A-s3,A,R1P4,91103,17,16,138,9150,1629977,5053,0.19983820000000002,
p1,A-s3,A,R1P5,99929,8,7,66,7935,822006,5292,0.11864535000000001,
p1,A-s3,A,work:WB1,108242,12,11,98,9132,1347504,6262,0.1775734,
p1,A-s3,A,R1P6,117481,11,10,90,10111,1331025,6793,0.17979625,
p1,A-s3,A,work:W2-W3+band,127498,33,31,268,24828,4610428,16760,0.5761458,
p1,A-s3,A,COMPACT#2,151356,2,0,0,0,151356,3367,0.0319706,1
p1,A-s3,A,R2P1,38537,5,4,42,27046,195387,2869,0.0677332,
p1,A-s3,A,R2P2,51225,1,0,10,1034,50181,1134,0.0119906,
p1,A-s3,A,R2P3,52495,19,18,154,15249,1139575,8577,0.17605775,
p1,A-s3,A,R2P4,67134,9,8,74,7835,638669,4772,0.09759464999999999,
p1,A-s3,A,R2P5,75056,12,11,98,7825,947855,2956,0.11944475,
p1,A-s3,A,R2P6,82913,3,2,26,2975,248580,966,0.03343275,
p1,A-s3,A,work:H5-H8 band,91060,16,15,130,83471,1510672,8150,0.29628595,
p1,A-s3,A,COMPACT#3,104120,1,0,0,0,104120,2937,0.025097,1
p1,A-s3,A,R3P1,45650,1,0,10,21002,24638,923,0.033341300000000004,
p1,A-s3,A,R3P2,46668,1,0,10,1018,45640,992,0.0108065,
p1,A-s3,A,R3P3,47731,14,13,114,17145,785211,7371,0.13692135,
p1,A-s3,A,R3P4,64166,19,18,154,10907,1313745,7499,0.18265725,
p1,A-s3,A,R3P5,75214,17,16,138,11445,1369644,8142,0.19211865,
p1,A-s3,A,R3P6,86714,2,1,18,840,172859,941,0.0230589,
p1,A-s4,A,COMPACT#1,0,1,0,0,0,0,0,0.0,
p1,A-s4,A,R1P1,40153,21,20,170,47525,1182806,14192,0.24881685,
p1,A-s4,A,R1P2,67453,1,0,10,44315,23128,1008,0.06275655000000001,
p1,A-s4,A,R1P3,68494,1,0,10,1041,67443,1756,0.016835549999999998,
p1,A-s4,A,R1P4,70280,10,9,82,9042,742298,3139,0.1013093,
p1,A-s4,A,R1P5,78023,4,3,34,5904,317337,3844,0.058367699999999995,
p1,A-s4,A,work:WB1,84063,13,12,106,14661,1195042,9290,0.18438645,
p1,A-s4,A,R1P6,98990,15,14,122,17782,1616922,11912,0.2436017,
p1,A-s4,A,work:W2-W3+band,116618,41,39,332,34783,5538390,17444,0.68486975,
p1,A-s4,A,COMPACT#2,150664,2,0,0,0,150664,3275,0.0314414,1
p1,A-s4,A,R2P1,38716,17,16,138,31612,808347,5582,0.14839770000000002,
p1,A-s4,A,R2P2,55312,1,0,10,32174,23128,961,0.0473453,
p1,A-s4,A,R2P3,56491,16,15,130,14370,1041904,5911,0.15183790000000003,
p1,A-s4,A,R2P4,70343,5,4,42,4281,358742,1838,0.05045745,
p1,A-s4,A,R2P5,74669,10,9,82,6072,777791,3243,0.10166610000000001,
p1,A-s4,A,R2P6,80997,1,0,10,962,80025,899,0.01371,
p1,A-s4,A,work:H5-H8 band,87447,27,25,220,86728,2594908,12258,0.42941080000000004,
p1,A-s4,A,COMPACT#3,107377,1,0,0,0,107377,2736,0.0244177,1
p1,A-s4,A,R3P1,44469,4,3,34,21489,160284,1374,0.04979365,
p1,A-s4,A,R3P2,46591,2,1,18,724,92708,689,0.013638800000000001,
p1,A-s4,A,R3P3,47458,18,17,146,17588,994910,6446,0.153852,
p1,A-s4,A,R3P4,64775,9,8,74,5765,608796,3894,0.08762985000000001,
p1,A-s4,A,R3P5,70522,14,13,114,8753,1042931,5237,0.14153335,
p1,A-s4,A,R3P6,79366,4,3,34,1284,317844,731,0.037078400000000004,
p1,A-s5,A,COMPACT#1,0,1,0,0,0,0,0,0.0,
p1,A-s5,A,R1P1,40151,22,21,178,50737,1235915,14845,0.26141575,
p1,A-s5,A,R1P2,70484,1,0,10,47347,23127,944,0.06622644999999999,
p1,A-s5,A,R1P3,71461,22,21,178,22119,1813540,13754,0.27795075,
p1,A-s5,A,R1P4,93263,13,12,106,9007,1266989,3658,0.15635365,
p1,A-s5,A,R1P5,102164,4,3,34,7188,416514,5505,0.0781954,
p1,A-s5,A,work:WB1,109716,20,19,162,16921,2355996,12115,0.31748784999999996,
p1,A-s5,A,R1P6,126530,5,4,42,7176,642687,4715,0.09685570000000002,
p1,A-s5,A,work:W2-W3+band,133597,30,28,244,25708,4405591,17170,0.5587881000000001,
p1,A-s5,A,COMPACT#2,158601,2,0,0,0,158601,4048,0.036100099999999996,1
p1,A-s5,A,R2P1,42384,1,0,10,19247,23127,724,0.030001450000000002,
p1,A-s5,A,R2P2,43212,1,0,10,20075,23127,1430,0.03456645,
p1,A-s5,A,R2P3,44679,15,14,122,18915,836646,6464,0.13975035,
p1,A-s5,A,R2P4,62851,8,7,66,10159,536543,6197,0.09740405,
p1,A-s5,A,R2P5,73153,24,23,194,18032,1995030,7767,0.261072,
p1,A-s5,A,R2P6,91247,1,0,10,929,90308,815,0.014277050000000001,
p1,A-s5,A,work:H5-H8 band,97555,14,13,114,93587,1418993,12800,0.32299705000000006,
p1,A-s5,A,COMPACT#3,114236,1,0,0,0,114236,2422,0.0235336,1
p1,A-s5,A,R3P1,45914,26,25,210,42230,1454255,7274,0.234793,
p1,A-s5,A,R3P2,67378,2,1,18,963,134236,1117,0.020230349999999998,
p1,A-s5,A,R3P3,68719,26,25,210,15208,1953797,9041,0.2598047,
p1,A-s5,A,R3P4,83413,26,25,210,12402,2342076,7803,0.2889351,
p1,A-s5,A,R3P5,95908,10,9,82,5870,987121,4809,0.1301766,
p1,A-s5,A,R3P6,101789,4,3,34,1666,407451,1112,0.04842160000000001,
p1,B-s1,B,COMPACT#1,0,1,0,0,0,0,0,0.0,
p1,B-s1,B,R1P1,42629,1,0,10,23755,18864,944,0.03631015,
p1,B-s1,B,R1P2,43612,1,0,10,20476,23126,863,0.0322326,
p1,B-s1,B,R1P3,44689,3,2,26,9601,135921,2845,0.03984435,
p1,B-s1,B,R1P4,54241,19,17,156,11272,1136664,5110,0.15346240000000003,
p1,B-s1,B,R1P5,64934,6,5,50,6297,402488,4294,0.06964005000000001,
p1,B-s1,B,work:WB1,71503,1,0,10,48367,23126,849,0.06702635000000001,
p1,B-s1,B,R1P6,72391,11,10,90,13346,870241,7179,0.1396916,
p1,B-s1,B,work:W2-W3+band,85574,6,0,60,6323,522656,6075,0.09060435,
p1,B-s1,B,COMPACT#2,91172,2,0,0,0,91172,2870,0.0234672,1
p1,B-s1,B,R2P1,48075,18,17,146,45141,1027762,7916,0.19892845,
p1,B-s1,B,R2P2,69332,1,0,10,46196,23126,1089,0.0655126,
p1,B-s1,B,R2P3,70458,13,12,106,15876,1029899,7923,0.16255590000000003,
p1,B-s1,B,R2P4,85986,21,20,170,21068,2059269,13275,0.29880690000000004,
p1,B-s1,B,R2P5,107257,10,9,82,8371,1102891,3884,0.14025485000000001,
p1,B-s1,B,R2P6,115534,1,0,10,887,114637,1733,0.02124745,
p1,B-s1,B,work:H5-H8 band,122776,10,9,82,111138,1170719,5968,0.2859164,
p1,B-s1,B,COMPACT#3,131787,1,0,0,0,131787,3240,0.0293787,1
p1,B-s1,B,R3P1,45552,1,0,10,20904,24638,1136,0.0342838,
p1,B-s1,B,R3P2,46783,1,0,10,1231,45542,1410,0.01315295,
p1,B-s1,B,R3P3,48264,1,0,10,1481,46773,404,0.00855855,
p1,B-s1,B,R3P4,48722,1,0,10,458,48254,254,0.0066779000000000005,
p1,B-s1,B,R3P5,49043,1,0,10,321,48712,626,0.00841245,
p1,B-s1,B,R3P6,49752,4,3,34,2147,199772,1279,0.02908995,
p1,B-s2,B,COMPACT#1,0,1,0,0,0,0,0,0.0,
p1,B-s2,B,R1P1,42635,1,0,10,23761,18864,912,0.03615765,
p1,B-s2,B,R1P2,43767,1,0,10,20628,23129,632,0.0312679,
p1,B-s2,B,R1P3,44488,1,0,10,721,43757,632,0.00844695,
p1,B-s2,B,R1P4,45150,18,16,148,17596,979032,5553,0.1478112,
p1,B-s2,B,R1P5,62535,1,0,10,451,62074,610,0.009831150000000002,
p1,B-s2,B,work:WB1,63387,1,0,10,852,62525,962,0.0121375,
p1,B-s2,B,R1P6,64388,8,7,66,13272,565170,7584,0.111093,
p1,B-s2,B,work:W2-W3+band,77489,39,35,320,29200,3579192,18252,0.4859992,
p1,B-s2,B,COMPACT#2,105857,2,0,0,0,105857,3016,0.0256657,1
p1,B-s2,B,R2P1,42289,1,0,10,19150,23129,792,0.0302204,
p1,B-s2,B,R2P2,43129,1,0,10,19990,23129,902,0.0318204,
p1,B-s2,B,R2P3,44068,1,0,10,939,43119,1181,0.011400650000000002,
p1,B-s2,B,R2P4,45334,2,0,20,1958,89382,584,0.0143257,
p1,B-s2,B,R2P5,46567,16,15,130,11610,855639,4626,0.12333640000000001,
p1,B-s2,B,R2P6,58520,1,0,10,884,57626,677,0.0102626,
p1,B-s2,B,work:H5-H8 band,64487,47,44,382,79839,3875186,20532,0.5903593500000001,
p1,B-s2,B,COMPACT#3,100488,1,0,0,0,100488,3416,0.0271288,1
p1,B-s2,B,R3P1,51008,1,0,10,26360,24638,900,0.0399238,
p1,B-s2,B,R3P2,52003,1,0,10,995,50998,960,0.01115355,
p1,B-s2,B,R3P3,53033,1,0,10,1030,51993,409,0.008541799999999999,
p1,B-s2,B,R3P4,53496,1,0,10,463,53023,376,0.00777105,
p1,B-s2,B,R3P5,53939,1,0,10,443,53486,658,0.00920235,
p1,B-s2,B,R3P6,54680,3,2,26,1685,163584,935,0.023165650000000003,
p1,B-s3,B,COMPACT#1,0,1,0,0,0,0,0,0.0,
p1,B-s3,B,R1P1,41334,1,0,10,22460,18864,888,0.0344114,
p1,B-s3,B,R1P2,43671,1,0,10,20533,23128,515,0.03056405,
p1,B-s3,B,R1P3,44400,1,0,10,729,43661,1311,0.01184235,
p1,B-s3,B,R1P4,45741,17,15,140,16144,910814,5578,0.1392914,
p1,B-s3,B,R1P5,60982,1,0,10,438,60534,491,0.009065900000000002,
p1,B-s3,B,work:WB1,61534,1,0,10,552,60972,1019,0.0118922,
p1,B-s3,B,R1P6,62773,8,7,66,11730,549889,6971,0.1045724,
p1,B-s3,B,work:W2-W3+band,74282,6,0,60,9283,462130,9100,0.10337675,
p1,B-s3,B,COMPACT#2,82547,2,0,0,0,82547,2361,0.0200597,1
p1,B-s3,B,R2P1,41422,1,0,10,18284,23128,1479,0.0325728,
p1,B-s3,B,R2P2,42949,1,0,10,19811,23128,1538,0.03477655,
p1,B-s3,B,R2P3,45934,30,29,242,27304,1875617,12589,0.2848787,
p1,B-s3,B,R2P4,71008,14,13,114,12041,1073881,7000,0.15755335,
p1,B-s3,B,R2P5,83050,10,9,82,5801,857468,2928,0.10772005,
p1,B-s3,B,R2P6,89132,1,0,10,1037,88085,1152,0.01587475,
p1,B-s3,B,work:H5-H8 band,95780,7,6,58,83490,624304,5564,0.1946709,
p1,B-s3,B,COMPACT#3,104139,1,0,0,0,104139,2399,0.022408900000000002,1
p1,B-s3,B,R3P1,47098,1,0,10,22450,24638,1058,0.035826300000000005,
p1,B-s3,B,R3P2,48251,1,0,10,1153,47088,1628,0.01430005,
p1,B-s3,B,R3P3,49950,1,0,10,1699,48241,333,0.00862285,
p1,B-s3,B,R3P4,50337,1,0,10,387,49940,429,0.00763275,
p1,B-s3,B,R3P5,50833,1,0,10,496,50327,501,0.0081677,
p1,B-s3,B,R3P6,51417,2,1,18,991,102230,744,0.01519975,
p1,B-s4,B,COMPACT#1,0,1,0,0,0,0,0,0.0,
p1,B-s4,B,R1P1,41340,23,22,186,51587,1360527,15066,0.27605245,
p1,B-s4,B,R1P2,71141,1,0,10,48000,23131,987,0.0672581,
p1,B-s4,B,R1P3,72161,1,0,10,1020,71131,3146,0.0241281,
p1,B-s4,B,R1P4,75518,13,11,108,10657,1027248,4227,0.13728905,
p1,B-s4,B,R1P5,83298,6,5,50,5770,512875,3370,0.0754,
p1,B-s4,B,work:WB1,89324,17,16,138,13294,1634368,7759,0.21898730000000002,
p1,B-s4,B,R1P6,102642,11,10,90,11488,1182033,8098,0.1731433,
p1,B-s4,B,work:W2-W3+band,114060,36,34,292,30636,4712602,18755,0.6036222,
p1,B-s4,B,COMPACT#2,144004,2,0,0,0,144004,2788,0.0283404,1
p1,B-s4,B,R2P1,40743,10,9,82,28495,446428,3827,0.09947855,
p1,B-s4,B,R2P2,52808,1,0,10,29667,23131,766,0.04323685,
p1,B-s4,B,R2P3,53792,15,14,122,15272,932487,6939,0.1471557,
p1,B-s4,B,R2P4,68707,5,4,42,4534,351876,2144,0.0516171,
p1,B-s4,B,R2P5,73296,11,10,90,9507,848482,5330,0.12347195000000001,
p1,B-s4,B,R2P6,83159,3,2,26,4041,249656,1217,0.03612785,
p1,B-s4,B,work:H5-H8 band,92122,13,12,106,82934,1218387,7702,0.26412220000000003,
p1,B-s4,B,COMPACT#3,103583,1,0,0,0,103583,1806,0.019388300000000004,1
p1,B-s4,B,R3P1,48773,13,12,106,37735,698941,8814,0.16123885000000002,
p1,B-s4,B,R3P2,62880,1,0,10,497,62373,1524,0.01448855,
p1,B-s4,B,R3P3,64475,1,0,10,1595,62870,512,0.01085075,
p1,B-s4,B,R3P4,65041,1,0,10,566,64465,350,0.008914,
p1,B-s4,B,R3P5,65458,15,14,122,12661,1081793,6366,0.15595755,
p1,B-s4,B,R3P6,78004,4,3,34,1321,312490,897,0.03741925,
p1,B-s5,B,COMPACT#1,0,1,0,0,0,0,0,0.0,
p1,B-s5,B,R1P1,42645,1,0,10,23771,18864,1541,0.03931515,
p1,B-s5,B,R1P2,44225,1,0,10,21081,23134,619,0.03176965,
p1,B-s5,B,R1P3,44877,1,0,10,652,44215,1924,0.0148665,
p1,B-s5,B,R1P4,46831,16,14,132,16671,875822,5523,0.13616795,
p1,B-s5,B,R1P5,61954,1,0,10,406,61538,464,0.008991299999999999,
p1,B-s5,B,work:WB1,62479,8,7,66,11795,535496,4349,0.09010435,
p1,B-s5,B,R1P6,74824,13,12,106,16344,1089699,8563,0.17232090000000003,
p1,B-s5,B,work:W2-W3+band,91020,27,25,220,23883,2789932,11640,0.36726695000000004,
p1,B-s5,B,COMPACT#2,113974,2,0,0,0,113974,2906,0.0259274,1
p1,B-s5,B,R2P1,35968,1,0,10,12824,23134,956,0.023133400000000002,
p1,B-s5,B,R2P2,36972,1,0,10,13828,23134,935,0.0242834,
p1,B-s5,B,R2P3,37944,18,17,146,20075,887430,9392,0.16094275,
p1,B-s5,B,R2P4,57990,2,0,20,1736,115017,610,0.0167417,
p1,B-s5,B,R2P5,59249,14,13,114,8397,886117,3638,0.11741195000000001,
p1,B-s5,B,R2P6,68054,1,0,10,874,67170,777,0.0117045,
p1,B-s5,B,work:H5-H8 band,74200,40,38,324,82249,3558158,17419,0.5460460500000001,
p1,B-s5,B,COMPACT#3,102898,1,0,0,0,102898,3624,0.028409800000000002,1
p1,B-s5,B,R3P1,47360,1,0,10,22712,24638,1904,0.040383800000000004,
p1,B-s5,B,R3P2,49359,1,0,10,1999,47350,1082,0.01265375,
p1,B-s5,B,R3P3,50512,1,0,10,1153,49349,522,0.008996150000000001,
p1,B-s5,B,R3P4,51088,1,0,10,576,50502,538,0.0084702,
p1,B-s5,B,R3P5,51693,1,0,10,605,51078,1874,0.015244049999999999,
p1,B-s5,B,R3P6,53650,3,2,26,3389,159624,1307,0.026759650000000003,
p1,F-s1,F,COMPACT#1,,0,0,0,0,0,0,0.0,
p1,F-s1,F,R1P1,45708,16,15,130,45467,897672,11431,0.20388595,
p1,F-s1,F,R1P2,66762,1,0,10,692,66060,1178,0.013371,
p1,F-s1,F,R1P3,68002,20,19,162,19092,1555710,10957,0.234383,
p1,F-s1,F,R1P4,86287,10,9,82,6645,890038,3242,0.11360205,
p1,F-s1,F,R1P5,93727,6,5,50,7162,573142,4729,0.0899617,
p1,F-s1,F,work:WB1,100280,27,26,218,20784,2982832,14669,0.3978262,
p1,F-s1,F,R1P6,120889,18,17,146,19553,2363681,15631,0.33911034999999995,
p1,F-s1,F,work:W2-W3+band,0,39,27,236,139003,4212688,13824,0.66437855,
p1,F-s1,F,COMPACT#2,159604,1,0,0,0,159604,3965,0.0357854,1
p1,F-s1,F,R2P1,45303,6,5,50,23152,256383,1805,0.0636533,
p1,F-s1,F,R2P2,48276,1,0,10,524,47742,1071,0.0107942,
p1,F-s1,F,R2P3,51109,16,15,130,62290,861874,6437,0.19636490000000004,
p1,F-s1,F,work:D5-extra,62649,55,52,446,80547,4479072,27939,0.68873195,
p1,F-s1,F,R2P4,101631,11,10,90,6422,1146788,4256,0.1440763,
p1,F-s1,F,R2P5,108137,11,10,90,7704,1217947,4381,0.15341970000000002,
p1,F-s1,F,R2P6,115652,10,9,82,4176,1173211,2597,0.1356081,
p1,F-s1,F,COMPACT#3,119450,1,0,0,0,119450,2945,0.02667,1
p1,F-s1,F,R3P1,42849,3,2,26,23568,106860,731,0.043827,
p1,F-s1,F,R3P2,44415,1,0,10,196,44209,1068,0.010015900000000001,
p1,F-s1,F,R3P3,45554,1,0,10,1139,44405,474,0.00824425,
p1,F-s1,F,R3P4,46082,1,0,10,528,45544,484,0.007644400000000001,
p1,F-s1,F,R3P5,46633,26,25,210,17828,1445973,9658,0.21538230000000003,
p1,F-s1,F,R3P6,64338,4,3,34,1427,257638,844,0.031801550000000005,
p1,F-s2,F,COMPACT#1,,0,0,0,0,0,0,0.0,
p1,F-s2,F,R1P1,45714,20,21,162,48835,1162171,12688,0.24086285000000002,
p1,F-s2,F,R1P2,69890,1,0,10,452,69428,633,0.0106828,
p1,F-s2,F,R1P3,70682,23,24,186,17626,1821285,11447,0.261582,
p1,F-s2,F,R1P4,87947,16,18,130,9033,1482987,5253,0.18598495,
p1,F-s2,F,R1P5,96854,9,9,74,10413,914690,7332,0.14121925,
p1,F-s2,F,work:WB1,107627,14,18,114,15651,1589944,6387,0.21060715000000002,
p1,F-s2,F,R1P6,123303,13,13,106,9881,1661608,7139,0.21431305,
p1,F-s2,F,work:W2-W3+band,0,31,21,172,132851,2897341,15922,0.5355798500000001,
p1,F-s2,F,COMPACT#2,153452,1,0,0,0,153452,3968,0.0351852,1
p1,F-s2,F,R2P1,39845,56,55,450,50011,3256841,18838,0.48283785,
p1,F-s2,F,R2P2,75742,1,0,10,1131,74601,1100,0.01438385,
p1,F-s2,F,R2P3,76592,16,15,130,84462,1220362,4913,0.2523087,
p1,F-s2,F,work:D5-extra,86601,77,74,622,100808,8074806,24002,1.0541226000000001,
p1,F-s2,F,R2P4,121945,11,10,90,5980,1374176,4401,0.1669876,
p1,F-s2,F,R2P5,127812,7,6,58,5274,909252,2243,0.10879070000000002,
p1,F-s2,F,R2P6,133065,4,3,34,2481,534817,1980,0.06651695,
p1,F-s2,F,COMPACT#3,135144,1,0,0,0,135144,2413,0.025579400000000002,1
p1,F-s2,F,R3P1,42855,8,7,66,25591,334240,2070,0.07582875,
p1,F-s2,F,R3P2,46802,1,0,10,560,46232,1541,0.013038200000000002,
p1,F-s2,F,R3P3,48414,1,0,10,1612,46792,775,0.0105792,
p1,F-s2,F,R3P4,49243,1,0,10,829,48404,718,0.009476650000000001,
p1,F-s2,F,R3P5,50028,1,0,10,785,49233,598,0.008904549999999999,
p1,F-s2,F,R3P6,50709,3,2,26,1512,151719,761,0.020892900000000002,
p1,F-s3,F,COMPACT#1,,0,0,0,0,0,0,0.0,
p1,F-s3,F,R1P1,45710,1,0,10,25107,20593,535,0.03612805,
p1,F-s3,F,R1P2,46313,1,0,10,603,45700,649,0.00857875,
p1,F-s3,F,R1P3,47024,2,2,18,2691,93317,2482,0.025123450000000002,
p1,F-s3,F,R1P4,49967,18,17,148,13814,1015017,6037,0.14910220000000002,
p1,F-s3,F,R1P5,63327,1,0,10,509,62808,603,0.00994205,
p1,F-s3,F,work:WB1,64020,11,10,90,9404,748072,5835,0.11582719999999999,
p1,F-s3,F,R1P6,73592,18,17,146,18312,1480090,12646,0.234275,
p1,F-s3,F,work:W2-W3+band,0,34,23,214,159314,2448479,11029,0.4993494,
p1,F-s3,F,COMPACT#2,108554,1,0,0,0,108554,2674,0.0242254,1
p1,F-s3,F,R2P1,46421,1,0,10,21821,24590,642,0.03295525,
p1,F-s3,F,R2P2,47140,1,0,10,719,46411,1323,0.01216485,
p1,F-s3,F,R2P3,48529,9,3,36,5830,275765,3944,0.05462,
p1,F-s3,F,work:D5-extra,52657,37,34,302,69165,2579795,23339,0.46143275,
p1,F-s3,F,R2P4,92105,2,0,20,709,183841,367,0.02112535,
p1,F-s3,F,R2P5,92581,13,12,106,7610,1248335,4063,0.154767,
p1,F-s3,F,R2P6,100569,9,8,74,5829,924545,3334,0.11648475,
p1,F-s3,F,COMPACT#3,105902,1,0,0,0,105902,3271,0.0269452,1
p1,F-s3,F,R3P1,51751,1,0,10,31100,20641,528,0.0435891,
p1,F-s3,F,R3P2,52374,1,0,10,623,51741,986,0.01089285,
p1,F-s3,F,R3P3,53431,1,0,10,1057,52364,501,0.009072650000000002,
p1,F-s3,F,R3P4,53986,1,0,10,555,53421,515,0.008620850000000001,
p1,F-s3,F,R3P5,54568,1,0,10,582,53976,669,0.0094801,
p1,F-s3,F,R3P6,55320,2,1,18,1250,109868,827,0.016702300000000003,
p1,F-s4,F,COMPACT#1,,0,0,0,0,0,0,0.0,
p1,F-s4,F,R1P1,45714,43,42,346,56250,2674915,15871,0.417505,
p1,F-s4,F,R1P2,77383,1,0,10,530,76843,415,0.0104318,
p1,F-s4,F,R1P3,77860,1,0,10,477,77373,924,0.012963549999999999,
p1,F-s4,F,R1P4,78843,20,18,164,10529,1672719,5301,0.20710215,
p1,F-s4,F,R1P5,88575,17,16,138,10152,1582968,5754,0.1998948,
p1,F-s4,F,work:WB1,98974,1,0,10,433,98531,1005,0.01542935,
p1,F-s4,F,R1P6,100047,5,4,42,6952,509106,4854,0.0839126,
p1,F-s4,F,work:W2-W3+band,0,21,11,108,179634,1261169,6184,0.3816874,
p1,F-s4,F,COMPACT#2,114158,1,0,0,0,114158,2888,0.0258558,1
p1,F-s4,F,R2P1,42973,1,0,10,18373,24590,637,0.02862025,
p1,F-s4,F,R2P2,43687,1,0,10,714,42963,862,0.0095088,
p1,F-s4,F,R2P3,0,6,0,10,678,105047,392,0.013322200000000001,
p1,F-s4,F,work:D5-extra,44959,60,59,482,84454,4583904,36315,0.7460149,
p1,F-s4,F,R2P4,106185,2,0,20,775,211900,358,0.02396875,
p1,F-s4,F,R2P5,106652,11,10,90,6972,1208210,3818,0.148716,
p1,F-s4,F,R2P6,113832,1,0,10,350,113472,688,0.0152347,
p1,F-s4,F,COMPACT#3,113832,1,0,0,0,113832,2373,0.0232482,1
p1,F-s4,F,R3P1,48252,1,0,10,27601,20641,360,0.038375349999999996,
p1,F-s4,F,R3P2,48707,1,0,10,455,48242,753,0.009167950000000001,
p1,F-s4,F,R3P3,49531,1,0,10,824,48697,387,0.0078447,
p1,F-s4,F,R3P4,49972,1,0,10,441,49521,323,0.00712835,
p1,F-s4,F,R3P5,50362,1,0,10,390,49962,463,0.007808700000000001,
p1,F-s4,F,R3P6,50908,2,1,18,939,101250,683,0.01473175,
p1,F-s5,F,COMPACT#1,,0,0,0,0,0,0,0.0,
p1,F-s5,F,R1P1,45720,24,23,194,49518,1367397,17160,0.28463120000000003,
p1,F-s5,F,R1P2,74148,2,1,18,4996,144249,748,0.024427900000000002,
p1,F-s5,F,R1P3,75747,27,26,218,15391,2251911,11084,0.30006784999999997,
p1,F-s5,F,R1P4,90934,11,10,90,7298,1034759,3340,0.12938840000000001,
p1,F-s5,F,R1P5,98129,12,11,98,13422,1238405,10283,0.192131,
p1,F-s5,F,work:WB1,112813,7,6,58,8676,807625,6825,0.1257905,
p1,F-s5,F,R1P6,0,12,1,18,4220,267091,3317,0.04858710000000001,
p1,F-s5,F,work:W2-W3+band,123005,42,40,340,127320,5830551,15916,0.8221250999999999,
p1,F-s5,F,COMPACT#2,152141,1,0,0,0,152141,3376,0.0320941,1
p1,F-s5,F,R2P1,48308,1,0,10,23708,24590,835,0.036279,
p1,F-s5,F,R2P2,49220,1,0,10,912,48298,1114,0.011549799999999999,
p1,F-s5,F,R2P3,0,6,0,10,691,103908,584,0.01418455,
p1,F-s5,F,work:D5-extra,50744,58,57,466,83315,4453575,32422,0.71207725,
p1,F-s5,F,R2P4,105348,2,0,20,1352,209937,795,0.0266787,
p1,F-s5,F,R2P5,106252,9,8,74,4637,973354,3160,0.11900565,
p1,F-s5,F,R2P6,110961,5,4,42,2750,559219,1691,0.0678564,
p1,F-s5,F,COMPACT#3,113346,1,0,0,0,113346,2205,0.022359599999999997,1
p1,F-s5,F,R3P1,45909,1,0,10,25258,20641,672,0.0370066,
p1,F-s5,F,R3P2,46676,1,0,10,767,45899,1292,0.012018650000000002,
p1,F-s5,F,R3P3,48039,1,0,10,1363,46666,411,0.008435350000000001,
p1,F-s5,F,R3P4,48504,1,0,10,465,48029,580,0.008294150000000002,
p1,F-s5,F,R3P5,49151,1,0,10,647,48494,888,0.010108150000000002,
p1,F-s5,F,R3P6,50122,3,2,26,1946,149681,890,0.0218766,
p1,N-s1,N,COMPACT#1,,0,0,0,0,0,0,0.0,
p1,N-s1,N,R1P1,45004,29,29,234,52810,1781401,16737,0.32807159999999996,
p1,N-s1,N,R1P2,73787,1,0,10,374,73403,877,0.0122028,
p1,N-s1,N,R1P3,75363,1,0,10,1576,73777,1720,0.0179577,
p1,N-s1,N,R1P4,78191,13,12,106,11042,1066364,4199,0.14153990000000002,
p1,N-s1,N,R1P5,86623,12,11,98,6318,1070911,4607,0.1381216,
p1,N-s1,N,work:WB1,93298,1,0,10,575,92713,766,0.013830050000000002,
p1,N-s1,N,R1P6,94132,19,8,76,6692,873887,4426,0.11795970000000001,
p1,N-s1,N,work:W2-W3+band,95002,2,0,20,74862,121443,1920,0.11534180000000001,
p1,N-s1,N,COMPACT#2,101323,1,0,0,0,101323,2263,0.021447300000000002,1
p1,N-s1,N,R2P1,42743,41,40,330,51954,2471009,18126,0.4030034,
p1,N-s1,N,R2P2,77252,1,0,10,698,76544,835,0.012711900000000002,
p1,N-s1,N,R2P3,0,24,18,154,15065,2147092,10864,0.28801445000000003,
p1,N-s1,N,work:D5-extra,78594,35,33,284,84579,3143653,19000,0.51537305,
p1,N-s1,N,R2P4,120941,22,21,178,17492,2847332,11396,0.36375620000000003,
p1,N-s1,N,R2P5,138468,13,12,106,11499,1857588,7131,0.23589355,
p1,N-s1,N,R2P6,149826,1,0,10,588,149228,707,0.019202800000000003,
p1,N-s1,N,COMPACT#3,149826,1,0,0,0,149826,3385,0.0319076,1
p1,N-s1,N,R3P1,44391,1,0,10,23740,20641,653,0.0350141,
p1,N-s1,N,R3P2,45139,1,0,10,748,44381,1295,0.0118581,
p1,N-s1,N,R3P3,46505,23,22,186,15995,1246388,8577,0.18770355,
p1,N-s1,N,R3P4,61450,1,0,10,316,61124,544,0.009237400000000002,
p1,N-s1,N,R3P5,62061,16,15,130,10895,1073121,7188,0.15700085,
p1,N-s1,N,R3P6,72695,2,1,18,584,145020,706,0.01878,
p2,A-s1,A,COMPACT#1,0,1,0,0,0,0,0,0.0,
p2,A-s1,A,R1P1,37334,22,21,178,51910,1274681,21719,0.30112859999999997,
p2,A-s1,A,R1P2,71806,1,0,10,48666,23130,872,0.0675155,
p2,A-s1,A,R1P3,72711,24,23,194,17730,1988753,10675,0.27460680000000004,
p2,A-s1,A,R1P4,90282,9,8,74,6175,836891,2570,0.10433185,
p2,A-s1,A,R1P5,96133,10,9,82,8150,999321,4416,0.1322816,
p2,A-s1,A,work:WB1,104794,11,10,90,10961,1219633,6639,0.16894954999999998,
p2,A-s1,A,R1P6,115904,11,10,90,10733,1336437,5931,0.17680495000000002,
p2,A-s1,A,work:W2-W3+band,126240,59,57,476,37013,8769682,21996,1.0336904500000001,
p2,A-s1,A,COMPACT#2,162566,2,0,0,0,162566,3248,0.0324966,1
p2,A-s1,A,R2P1,42300,1,0,10,19160,23130,1307,0.032808,
p2,A-s1,A,R2P2,43836,1,0,10,20696,23130,1257,0.034478,
p2,A-s1,A,R2P3,45186,29,28,234,19917,1648977,10102,0.24053795,
p2,A-s1,A,R2P4,64615,15,14,122,9751,1048332,5328,0.14378395000000002,
p2,A-s1,A,R2P5,74362,12,11,98,9006,937560,4231,0.1262665,
p2,A-s1,A,R2P6,83312,4,3,34,5692,338963,2453,0.053310300000000005,
p2,A-s1,A,work:H5-H8 band,93406,12,11,98,86066,1140023,8380,0.2635828,
p2,A-s1,A,COMPACT#3,106667,1,0,0,0,106667,2441,0.022871700000000002,1
p2,A-s1,A,R3P1,49468,1,0,10,28817,20641,930,0.04274535,
p2,A-s1,A,R3P2,50493,1,0,10,1025,49458,1036,0.01141705,
p2,A-s1,A,R3P3,51600,1,0,10,1107,50483,556,0.009222049999999999,
p2,A-s1,A,R3P4,52210,1,0,10,610,51590,410,0.0079815,
p2,A-s1,A,R3P5,52687,13,12,106,13077,781334,5214,0.12065565,
p2,A-s1,A,R3P6,65596,2,1,18,696,130863,621,0.017079300000000002,
p2,A-s2,A,COMPACT#1,0,1,0,0,0,0,0,0.0,
p2,A-s2,A,R1P1,37332,30,29,242,55622,1808669,17905,0.3401614,
p2,A-s2,A,R1P2,75588,1,0,10,52449,23129,802,0.07189414999999999,
p2,A-s2,A,R1P3,76423,13,12,106,10797,1066758,6540,0.15297804999999998,
p2,A-s2,A,R1P4,87087,12,11,98,7364,1090030,3270,0.134656,
p2,A-s2,A,R1P5,94162,13,12,106,8815,1287608,4443,0.16210054999999998,
p2,A-s2,A,work:WB1,103483,9,8,74,8150,967220,4860,0.1312835,
p2,A-s2,A,R1P6,111608,14,13,114,9706,1635670,4618,0.1989035,
p2,A-s2,A,work:W2-W3+band,121244,41,39,332,27141,5506196,17795,0.67385285,
p2,A-s2,A,COMPACT#2,147559,2,0,0,0,147559,3309,0.0313009,1
p2,A-s2,A,R2P1,42333,25,25,202,42419,1401407,7190,0.22931645,
p2,A-s2,A,R2P2,66286,1,0,10,43147,23129,1143,0.06197165,
p2,A-s2,A,R2P3,67466,20,19,162,14821,1501157,7938,0.20849395,
p2,A-s2,A,R2P4,81773,17,16,138,12408,1499760,6741,0.199329,
p2,A-s2,A,R2P5,94291,17,17,138,11767,1688449,6649,0.21693665000000004,
p2,A-s2,A,R2P6,106292,1,0,10,1010,105272,929,0.0164447,
p2,A-s2,A,work:H5-H8 band,112144,9,8,74,100296,958770,5798,0.250311,
p2,A-s2,A,COMPACT#3,120897,1,0,0,0,120897,3198,0.0280797,1
p2,A-s2,A,R3P1,53726,1,0,10,33075,20641,569,0.04626285,
p2,A-s2,A,R3P2,54390,3,2,26,1223,162800,1164,0.02365475,
p2,A-s2,A,R3P3,55852,1,0,10,903,54939,557,0.009417650000000001,
p2,A-s2,A,R3P4,56463,1,0,10,611,55842,571,0.009212950000000001,
p2,A-s2,A,R3P5,57101,19,18,154,11558,1186484,6950,0.16799990000000004,
p2,A-s2,A,R3P6,68359,2,1,18,593,136360,748,0.01813525,
p2,A-s3,A,COMPACT#1,0,1,0,0,0,0,0,0.0,
p2,A-s3,A,R1P1,37334,24,23,194,41126,1206795,12640,0.235481,
p2,A-s3,A,R1P2,60699,1,0,10,37559,23130,888,0.05371175,
p2,A-s3,A,R1P3,61881,1,0,10,1182,60689,1105,0.013081400000000002,
p2,A-s3,A,R1P4,63016,14,13,114,9859,939963,4372,0.12829405,
p2,A-s3,A,R1P5,72144,7,6,58,7280,522759,3948,0.0811739,
p2,A-s3,A,work:WB1,79980,13,12,106,11891,1119646,7682,0.16534435,
p2,A-s3,A,R1P6,91746,2,1,18,2805,182637,1734,0.03045795,
p2,A-s3,A,work:W2-W3+band,93977,34,32,276,21677,3634560,14129,0.46147325,
p2,A-s3,A,COMPACT#2,115391,2,0,0,0,115391,4270,0.0328891,1
p2,A-s3,A,R2P1,42740,1,0,10,19600,23130,530,0.029473,
p2,A-s3,A,R2P2,43318,1,0,10,20178,23130,1065,0.0328705,
p2,A-s3,A,R2P3,44601,1,0,10,1283,43308,1156,0.011724549999999999,
p2,A-s3,A,R2P4,45842,1,0,10,1241,44591,565,0.00884535,
p2,A-s3,A,R2P5,46703,29,28,234,21853,1719909,9173,0.24540615000000002,
p2,A-s3,A,R2P6,68571,4,3,34,4505,277324,1760,0.04219765,
p2,A-s3,A,work:H5-H8 band,77961,43,41,348,88907,4101759,21298,0.6281476500000001,
p2,A-s3,A,COMPACT#3,109508,1,0,0,0,109508,2355,0.022725800000000004,1
p2,A-s3,A,R3P1,48022,6,5,50,31141,269344,1487,0.07334565,
p2,A-s3,A,R3P2,52075,3,2,26,892,156266,1567,0.0246026,
p2,A-s3,A,R3P3,54037,20,19,162,11448,1202837,7102,0.17026570000000002,
p2,A-s3,A,R3P4,64606,13,12,106,9152,893152,5810,0.1299112,
p2,A-s3,A,R3P5,73707,20,19,162,13238,1598352,8961,0.2213497,
p2,A-s3,A,R3P6,87069,2,1,18,786,173571,482,0.0207676,
p2,A-s4,A,COMPACT#1,0,1,0,0,0,0,0,0.0,
p2,A-s4,A,R1P1,36033,40,39,322,49759,2176929,19262,0.37652365000000004,
p2,A-s4,A,R1P2,69659,1,0,10,46520,23129,551,0.0632279,
p2,A-s4,A,R1P3,70243,1,0,10,584,69649,2226,0.0188349,
p2,A-s4,A,R1P4,72555,12,11,98,9305,911018,4055,0.12310605000000001,
p2,A-s4,A,R1P5,80217,8,7,66,5437,660729,2756,0.08671515,
p2,A-s4,A,work:WB1,85933,26,25,210,92429,2533643,18054,0.45938055000000005,
p2,A-s4,A,R1P6,112228,4,3,34,98386,362941,3307,0.17584560000000002,
p2,A-s4,A,work:W2-W3+band,118001,15,13,124,218789,1645806,8458,0.48048084999999996,
p2,A-s4,A,COMPACT#2,128761,2,0,0,0,128761,2832,0.027036099999999997,1
p2,A-s4,A,R2P1,41644,25,35,202,44392,1485062,12148,0.2649382,
p2,A-s4,A,R2P2,69045,1,0,10,50171,18864,1098,0.07010015,
p2,A-s4,A,R2P3,70180,8,11,66,9063,594076,4833,0.09496735,
p2,A-s4,A,R2P4,78780,9,8,74,8250,747694,2725,0.0987809,
p2,A-s4,A,R2P5,87009,11,10,90,8401,1001290,2458,0.12301025,
p2,A-s4,A,R2P6,95546,8,7,66,80862,704806,1771,0.1804791,
p2,A-s4,A,work:H5-H8 band,105522,16,15,130,98377,1731945,10105,0.34682075,
p2,A-s4,A,COMPACT#3,118978,1,0,0,0,118978,2235,0.023072800000000004,1
p2,A-s4,A,R3P1,45605,1,0,10,24954,20641,739,0.0369616,
p2,A-s4,A,R3P2,46439,1,0,10,834,45595,1162,0.011422,
p2,A-s4,A,R3P3,47672,10,9,82,7976,511566,4056,0.08148860000000001,
p2,A-s4,A,R3P4,54548,9,8,74,6824,517527,4744,0.08407670000000002,
p2,A-s4,A,R3P5,61380,12,11,98,7362,776469,5853,0.11621240000000001,
p2,A-s4,A,R3P6,68794,3,2,26,1165,206498,783,0.026047050000000002,
p2,A-s5,A,COMPACT#1,0,1,0,0,0,0,0,0.0,
p2,A-s5,A,R1P1,37336,28,27,226,51738,1620821,16618,0.3100706,
p2,A-s5,A,R1P2,71447,5,4,42,53138,314542,1059,0.10321369999999999,
p2,A-s5,A,R1P3,77133,1,0,10,854,76269,1655,0.016979400000000002,
p2,A-s5,A,R1P4,78818,9,8,74,7281,735343,2276,0.09408955000000001,
p2,A-s5,A,R1P5,84915,8,7,66,7295,705481,2646,0.09296285,
p2,A-s5,A,work:WB1,92534,14,13,114,11169,1384386,6989,0.18745885,
p2,A-s5,A,R1P6,103638,2,1,18,2528,206496,1695,0.0323026,
p2,A-s5,A,work:W2-W3+band,105722,42,40,340,23605,5020557,13577,0.5997869499999999,
p2,A-s5,A,COMPACT#2,129009,2,0,0,0,129009,3759,0.0316959,1
p2,A-s5,A,R2P1,41081,1,0,10,17940,23131,1793,0.033713099999999996,
p2,A-s5,A,R2P2,42922,1,0,10,19781,23131,1146,0.03277935,
p2,A-s5,A,R2P3,44105,25,24,202,21816,1442582,8766,0.2155602,
p2,A-s5,A,R2P4,65251,15,14,122,11138,1070749,6647,0.15435440000000003,
p2,A-s5,A,R2P5,76761,22,21,178,12603,1844928,4725,0.22404955000000001,
p2,A-s5,A,R2P6,89274,2,1,18,2270,177733,604,0.023648799999999998,
p2,A-s5,A,work:H5-H8 band,96497,17,16,138,91502,1718212,8660,0.3296367,
p2,A-s5,A,COMPACT#3,112103,1,0,0,0,112103,2728,0.024850300000000002,1
p2,A-s5,A,R3P1,43868,3,2,26,25424,109167,1131,0.048377699999999996,
p2,A-s5,A,R3P2,46390,1,0,10,315,46065,1185,0.01093525,
p2,A-s5,A,R3P3,47646,7,6,58,8554,356795,4252,0.06769,
p2,A-s5,A,R3P4,55376,20,19,162,18631,1301125,9162,0.19937325,
p2,A-s5,A,R3P5,73819,12,11,98,8279,935136,5918,0.13355035,
p2,A-s5,A,R3P6,82240,4,2,36,1261,329621,895,0.03904935,
p2,B-s1,B,COMPACT#1,0,1,0,0,0,0,0,0.0,
p2,B-s1,B,R1P1,37221,29,28,234,57832,1761909,25886,0.3781449,
p2,B-s1,B,R1P2,77397,1,0,10,54260,23127,729,0.0737927,
p2,B-s1,B,R1P3,78340,1,0,10,943,77387,849,0.01317245,
p2,B-s1,B,R1P4,79372,9,8,74,5995,737232,2590,0.09424095,
p2,B-s1,B,R1P5,84873,9,8,74,7332,795967,3001,0.10384070000000001,
p2,B-s1,B,work:WB1,92402,11,10,90,10373,1073187,6816,0.15445495,
p2,B-s1,B,R1P6,102862,3,2,26,4189,309350,1778,0.04508725,
p2,B-s1,B,work:W2-W3+band,106847,31,29,252,21659,3707119,14210,0.46908765,
p2,B-s1,B,COMPACT#2,127886,2,0,0,0,127886,3031,0.0279436,1
p2,B-s1,B,R2P1,45681,1,0,10,22544,23127,783,0.034417699999999996,
p2,B-s1,B,R2P2,46512,1,0,10,23375,23127,1008,0.036581449999999995,
p2,B-s1,B,R2P3,48967,1,0,10,2455,46502,700,0.011228950000000001,
p2,B-s1,B,R2P4,49877,10,9,82,11858,563905,3663,0.08961,
p2,B-s1,B,R2P5,61591,1,0,10,766,60815,1103,0.012564,
p2,B-s1,B,R2P6,63050,20,19,162,12683,1391138,4804,0.17914955000000002,
p2,B-s1,B,work:H5-H8 band,80120,40,38,324,91666,3827476,19046,0.5928841000000001,
p2,B-s1,B,COMPACT#3,112267,1,0,0,0,112267,2965,0.0260517,1
p2,B-s1,B,R3P1,49743,7,6,58,31698,325845,2432,0.084425,
p2,B-s1,B,R3P2,53241,1,0,10,892,52339,1041,0.011563900000000002,
p2,B-s1,B,R3P3,54353,1,0,10,1112,53231,366,0.008553100000000001,
p2,B-s1,B,R3P4,54773,1,0,10,420,54343,399,0.0079643,
p2,B-s1,B,R3P5,55239,1,0,10,466,54763,513,0.008633799999999999,
p2,B-s1,B,R3P6,55835,4,3,34,1868,223860,1112,0.030315,
p2,B-s2,B,COMPACT#1,0,1,0,0,0,0,0,0.0,
p2,B-s2,B,R1P1,37225,1,0,10,18351,18864,653,0.02810015,
p2,B-s2,B,R1P2,37917,2,1,18,16557,61036,751,0.03057285,
p2,B-s2,B,R1P3,40293,1,0,10,597,39686,476,0.00710485,
p2,B-s2,B,R1P4,42355,18,16,148,15833,915364,5101,0.13698065000000004,
p2,B-s2,B,R1P5,56733,1,0,10,607,56116,501,0.00888535,
p2,B-s2,B,work:WB1,57296,1,0,10,563,56723,1155,0.01216105,
p2,B-s2,B,R1P6,58671,18,17,146,20063,1268937,10843,0.20633345,
p2,B-s2,B,work:W2-W3+band,78326,51,49,412,39549,5037188,24813,0.67763205,
p2,B-s2,B,COMPACT#2,116906,2,0,0,0,116906,3771,0.0305456,1
p2,B-s2,B,R2P1,40366,24,23,194,33006,1205326,6544,0.19470410000000002,
p2,B-s2,B,R2P2,57333,1,0,10,34194,23129,1395,0.0520404,
p2,B-s2,B,R2P3,58821,25,24,202,19725,1732902,9264,0.24446845,
p2,B-s2,B,R2P4,77831,2,0,20,1487,154869,582,0.020275650000000003,
p2,B-s2,B,R2P5,79109,16,15,130,10903,1355122,5997,0.17925595000000002,
p2,B-s2,B,R2P6,90297,6,5,50,6981,557559,2300,0.07603214999999999,
p2,B-s2,B,work:H5-H8 band,102536,18,17,146,98230,1948876,10300,0.36932109999999996,
p2,B-s2,B,COMPACT#3,118831,1,0,0,0,118831,3493,0.0293481,1
p2,B-s2,B,R3P1,52586,1,0,10,31935,20641,4444,0.06421285,
p2,B-s2,B,R3P2,57125,1,0,10,4539,52576,997,0.01592635,
p2,B-s2,B,R3P3,58193,1,0,10,1068,57115,331,0.0087115,
p2,B-s2,B,R3P4,58578,1,0,10,385,58183,398,0.00829955,
p2,B-s2,B,R3P5,59043,1,0,10,465,58568,898,0.01093805,
p2,B-s2,B,R3P6,60024,2,1,18,1558,119047,828,0.0180102,
p2,B-s3,B,COMPACT#1,0,1,0,0,0,0,0,0.0,
p2,B-s3,B,R1P1,37221,39,38,314,52338,2261924,18209,0.38297390000000003,
p2,B-s3,B,R1P2,72032,1,0,10,48895,23127,636,0.06662145,
p2,B-s3,B,R1P3,72701,1,0,10,669,72022,728,0.011688450000000001,
p2,B-s3,B,R1P4,73764,12,10,100,7343,921559,2769,0.11527965000000001,
p2,B-s3,B,R1P5,80574,16,15,130,9658,1373328,4543,0.17225030000000002,
p2,B-s3,B,work:WB1,90431,9,8,74,10509,860041,6413,0.13127935000000002,
p2,B-s3,B,R1P6,101099,5,4,42,5224,513092,1472,0.0652412,
p2,B-s3,B,work:W2-W3+band,106244,23,21,188,16657,2631695,10994,0.33914875,
p2,B-s3,B,COMPACT#2,122090,2,0,0,0,122090,4237,0.033394,1
p2,B-s3,B,R2P1,37768,1,0,10,14631,23127,767,0.02444645,
p2,B-s3,B,R2P2,39993,1,0,10,16856,23127,936,0.0280727,
p2,B-s3,B,R2P3,40966,12,11,98,15075,584638,5627,0.10554055,
p2,B-s3,B,R2P4,55738,2,0,20,1410,110786,552,0.0156211,
p2,B-s3,B,R2P5,56940,16,15,130,8793,977747,3580,0.12679595000000002,
p2,B-s3,B,R2P6,66069,1,0,10,798,65261,666,0.010863600000000001,
p2,B-s3,B,work:H5-H8 band,72065,41,38,334,94287,3774609,27433,0.63281865,
p2,B-s3,B,COMPACT#3,114888,1,0,0,0,114888,3300,0.0279888,1
p2,B-s3,B,R3P1,49394,1,0,10,28743,20641,1170,0.04385285,
p2,B-s3,B,R3P2,50659,1,0,10,1265,49384,1007,0.011564650000000001,
p2,B-s3,B,R3P3,51737,1,0,10,1078,50649,575,0.0092974,
p2,B-s3,B,R3P4,52366,1,0,10,629,51727,483,0.008383950000000001,
p2,B-s3,B,R3P5,52916,1,0,10,550,52356,670,0.0092831,
p2,B-s3,B,R3P6,53669,4,3,34,2261,215786,1424,0.03155885,
p2,B-s4,B,COMPACT#1,0,1,0,0,0,0,0,0.0,
p2,B-s4,B,R1P1,37223,26,25,210,52227,1509767,18000,0.30647045,
p2,B-s4,B,R1P2,71930,1,0,10,48792,23128,645,0.06653780000000001,
p2,B-s4,B,R1P3,72608,1,0,10,678,71920,745,0.0117745,
p2,B-s4,B,R1P4,73564,10,8,84,8540,773863,2791,0.1021003,
p2,B-s4,B,R1P5,81559,8,7,66,7197,677646,2858,0.09111685,
p2,B-s4,B,work:WB1,89118,12,11,98,10774,1134719,6486,0.15946740000000004,
p2,B-s4,B,R1P6,100146,7,6,58,8030,719332,3803,0.1010437,
p2,B-s4,B,work:W2-W3+band,107794,24,22,196,17051,2778098,8824,0.34343955,
p2,B-s4,B,COMPACT#2,124198,2,0,0,0,124198,3177,0.0283048,1
p2,B-s4,B,R2P1,43890,1,0,10,20752,23128,1201,0.0342678,
p2,B-s4,B,R2P2,45139,1,0,10,22001,23128,837,0.034009050000000006,
p2,B-s4,B,R2P3,46013,1,0,10,874,45129,1018,0.010705400000000002,
p2,B-s4,B,R2P4,47116,2,0,20,1714,93109,443,0.0136884,
p2,B-s4,B,R2P5,48211,16,15,130,12629,895988,3501,0.12302005,
p2,B-s4,B,R2P6,61164,1,0,10,808,60346,905,0.0115796,
p2,B-s4,B,work:H5-H8 band,67207,37,34,302,80192,3066661,23465,0.5245331000000001,
p2,B-s4,B,COMPACT#3,100793,1,0,0,0,100793,2785,0.024004300000000003,1
p2,B-s4,B,R3P1,49366,1,0,10,28715,20641,1070,0.04331785,
p2,B-s4,B,R3P2,50531,3,2,26,5520,151229,1968,0.031888900000000005,
p2,B-s4,B,R3P3,55994,1,0,10,1108,54876,449,0.0091276,
p2,B-s4,B,R3P4,56497,1,0,10,503,55984,343,0.00795215,
p2,B-s4,B,R3P5,56907,15,14,122,12547,956596,6375,0.14334035,
p2,B-s4,B,R3P6,69492,3,2,26,1175,208275,651,0.02557725,
p2,B-s5,B,COMPACT#1,0,1,0,0,0,0,0,0.0,
p2,B-s5,B,R1P1,37225,23,22,186,57818,1382701,26615,0.3438036,
p2,B-s5,B,R1P2,77412,1,0,10,54273,23129,507,0.07269914999999999,
p2,B-s5,B,R1P3,77952,1,0,10,540,77402,511,0.0109802,
p2,B-s5,B,R1P4,78674,16,14,132,9545,1334156,5756,0.17425885,
p2,B-s5,B,R1P5,88164,10,9,82,71305,853129,3033,0.18969115000000003,
p2,B-s5,B,work:WB1,95450,11,10,90,11242,1108053,7044,0.1601678,
p2,B-s5,B,R1P6,106527,4,3,34,6985,433843,1547,0.05988455,
p2,B-s5,B,work:W2-W3+band,113407,14,12,116,20316,1690946,8220,0.23570560000000002,
p2,B-s5,B,COMPACT#2,132985,2,0,0,0,132985,2378,0.0251885,1
p2,B-s5,B,R2P1,42852,6,5,50,31907,275867,6243,0.09873545,
p2,B-s5,B,R2P2,56426,1,0,10,33287,23129,1163,0.04974665,
p2,B-s5,B,R2P3,57779,28,27,226,20933,1962680,11607,0.28069525,
p2,B-s5,B,R2P4,78337,14,13,114,10797,1178499,6442,0.16367015000000001,
p2,B-s5,B,R2P5,89112,10,9,82,6954,921208,2701,0.1144003,
p2,B-s5,B,R2P6,95973,1,0,10,863,95100,1195,0.01657375,
p2,B-s5,B,work:H5-H8 band,102575,21,20,170,99283,2294395,9545,0.40143825,
p2,B-s5,B,COMPACT#3,119884,1,0,0,0,119884,2599,0.024983400000000003,1
p2,B-s5,B,R3P1,45933,3,2,26,27370,113156,1151,0.051309099999999996,
p2,B-s5,B,R3P2,48494,1,0,10,473,48011,1036,0.01058235,
p2,B-s5,B,R3P3,49601,1,0,10,1107,48484,404,0.008262150000000001,
p2,B-s5,B,R3P4,50059,1,0,10,458,49591,438,0.0077316,
p2,B-s5,B,R3P5,50564,1,0,10,505,50049,374,0.007516150000000001,
p2,B-s5,B,R3P6,51021,3,2,26,1611,153147,980,0.022254450000000002,
p2,F-s1,F,COMPACT#1,,0,0,0,0,0,0,0.0,
p2,F-s1,F,R1P1,41594,28,27,226,46961,1559675,17040,0.30009475,
p2,F-s1,F,R1P2,68125,1,0,10,561,67554,449,0.009711650000000002,
p2,F-s1,F,R1P3,68636,1,0,10,511,68115,1850,0.01671025,
p2,F-s1,F,R1P4,70545,11,9,92,9793,816907,2469,0.10636895000000002,
p2,F-s1,F,R1P5,78594,13,12,106,8252,1075717,4185,0.1389177,
p2,F-s1,F,work:WB1,87160,11,10,90,13987,1024771,10940,0.17475085,
p2,F-s1,F,R1P6,101401,11,10,90,5038,1129880,2769,0.1332205,
p2,F-s1,F,work:W2-W3+band,0,46,36,308,106559,4385111,14771,0.64587285,
p2,F-s1,F,COMPACT#2,127160,1,0,0,0,127160,4433,0.034881,1
p2,F-s1,F,R2P1,41680,17,16,138,25937,766507,5235,0.13538495,
p2,F-s1,F,R2P2,51335,1,0,10,798,50527,1321,0.012665200000000001,
p2,F-s1,F,R2P3,52819,14,13,114,12070,801585,7931,0.135015,
p2,F-s1,F,R2P4,63895,17,16,138,7911,1142028,4691,0.14768455,
p2,F-s1,F,R2P5,72395,15,14,122,13169,1163249,6596,0.16588815,
p2,F-s1,F,R2P6,86010,1,0,10,1525,84475,1792,0.01932375,
p2,F-s1,F,work:H5-H8 band,87988,12,11,98,17589,1148830,11541,0.19467225,
p2,F-s1,F,COMPACT#3,103597,1,0,0,0,103597,2328,0.0219997,1
p2,F-s1,F,R3P1,46499,2,3,18,27451,67130,2157,0.05182975,
p2,F-s1,F,R3P2,49118,5,10,42,7578,253442,2685,0.0482837,
p2,F-s1,F,R3P3,56848,1,0,10,1168,55670,439,0.009232,
p2,F-s1,F,R3P4,57341,1,0,10,493,56838,549,0.009055049999999999,
p2,F-s1,F,R3P5,57957,5,5,42,6231,301608,1670,0.04634155,
p2,F-s1,F,R3P6,64242,4,3,34,1856,257025,1113,0.0336215,
p2,F-s2,F,COMPACT#1,,0,0,0,0,0,0,0.0,
p2,F-s2,F,R1P1,41602,26,25,210,53262,1486600,15810,0.2944975,
p2,F-s2,F,R1P2,74683,1,0,10,818,73855,570,0.011268,
p2,F-s2,F,R1P3,75315,52,51,418,38452,4936425,21514,0.6496955,
p2,F-s2,F,R1P4,113639,11,9,92,4697,1271936,2907,0.14769185,
p2,F-s2,F,R1P5,118082,10,9,82,8215,1212226,5520,0.15917335000000002,
p2,F-s2,F,work:WB1,126524,1,0,10,477,126037,1131,0.018864950000000002,
p2,F-s2,F,R1P6,127723,18,17,146,17870,2462131,12483,0.33111159999999995,
p2,F-s2,F,work:W2-W3+band,0,10,0,20,125941,166006,2516,0.18662685,
p2,F-s2,F,COMPACT#2,146544,1,0,0,0,146544,3522,0.0322644,1
p2,F-s2,F,R2P1,47178,36,39,290,55145,2397810,14601,0.38200725,
p2,F-s2,F,R2P2,80312,1,0,10,567,79735,1139,0.01438725,
p2,F-s2,F,R2P3,81517,12,11,98,9710,1033260,5849,0.1448065,
p2,F-s2,F,R2P4,90607,15,14,122,9315,1420029,5151,0.17952365,
p2,F-s2,F,R2P5,101191,17,16,138,10433,1787748,4842,0.21616405000000002,
p2,F-s2,F,R2P6,112122,1,0,10,2352,109760,1208,0.019966,
p2,F-s2,F,COMPACT#3,112122,1,0,0,0,112122,2622,0.024322200000000002,1
p2,F-s2,F,R3P1,42163,1,0,10,21512,20641,1287,0.035399099999999996,
p2,F-s2,F,R3P2,43545,1,0,10,1382,42153,1313,0.012517799999999999,
p2,F-s2,F,R3P3,44929,1,0,10,1384,43535,618,0.0091835,
p2,F-s2,F,R3P4,46238,1,0,10,1309,44919,485,0.008563150000000002,
p2,F-s2,F,R3P5,47839,12,11,98,12404,655062,6045,0.11133420000000001,
p2,F-s2,F,R3P6,59007,3,2,26,1194,176880,773,0.0230715,
p2,F-s3,F,COMPACT#1,,0,0,0,0,0,0,0.0,
p2,F-s3,F,R1P1,41594,35,34,282,55557,2121728,19497,0.37938605000000003,
p2,F-s3,F,R1P2,76831,2,1,18,1626,152971,609,0.020392599999999997,
p2,F-s3,F,R1P3,78303,17,16,138,14704,1470237,9872,0.2149017,
p2,F-s3,F,R1P4,92938,13,11,108,6985,1252421,4206,0.15511135,
p2,F-s3,F,R1P5,99794,17,16,138,10626,1773473,7066,0.22609780000000002,
p2,F-s3,F,work:WB1,110951,11,10,90,9427,1266351,7093,0.17397385,
p2,F-s3,F,R1P6,120215,5,4,42,10468,616523,8950,0.1195293,
p2,F-s3,F,work:W2-W3+band,130657,35,33,284,136276,5017184,17956,0.7621274,
p2,F-s3,F,COMPACT#2,156877,1,0,0,0,156877,2931,0.0303427,1
p2,F-s3,F,R2P1,44281,1,0,10,19681,24590,1105,0.03259525,
p2,F-s3,F,R2P2,45463,1,0,10,1182,44271,1290,0.0123646,
p2,F-s3,F,R2P3,46819,1,0,10,1356,45453,991,0.0112053,
p2,F-s3,F,R2P4,47868,36,34,282,24323,2259708,13158,0.32244655000000005,
p2,F-s3,F,R2P5,36013,19,17,154,24142,1342067,5795,0.19351320000000002,
p2,F-s3,F,R2P6,40834,1,0,10,16234,24590,768,0.0266015,
p2,F-s3,F,work:H5-H8 band,41691,65,56,490,98285,4013917,26977,0.6596229499999999,
p2,F-s3,F,COMPACT#3,91819,1,0,0,0,91819,3727,0.027816900000000002,1
p2,F-s3,F,R3P1,52118,5,4,42,33222,231936,1505,0.07228810000000001,
p2,F-s3,F,R3P2,54267,6,5,50,9495,331965,2618,0.05820525,
p2,F-s3,F,R3P3,64832,1,0,10,1464,63358,484,0.010595799999999999,
p2,F-s3,F,R3P4,65370,1,0,10,538,64822,538,0.009854700000000001,
p2,F-s3,F,R3P5,65975,1,0,10,605,65360,434,0.00947225,
p2,F-s3,F,R3P6,66492,2,1,18,1000,132447,798,0.0185027,
p2,F-s4,F,COMPACT#1,,0,0,0,0,0,0,0.0,
p2,F-s4,F,R1P1,41596,24,23,194,58329,1440973,21991,0.32715755,
p2,F-s4,F,R1P2,79412,2,1,18,790,158324,820,0.020937900000000002,
p2,F-s4,F,R1P3,80401,1,0,10,679,79712,576,0.01170995,
p2,F-s4,F,R1P4,81036,13,11,108,6779,1086846,4485,0.13969135000000002,
p2,F-s4,F,R1P5,87423,10,9,82,5506,900947,2974,0.1119292,
p2,F-s4,F,work:WB1,93210,19,18,154,19522,1960790,12147,0.2813705,
p2,F-s4,F,R1P6,113018,11,1,10,810,112198,2044,0.022462300000000004,
p2,F-s4,F,work:W2-W3+band,115842,32,30,260,114187,3937953,12580,0.5996890500000001,
p2,F-s4,F,COMPACT#2,134788,1,0,0,0,134788,3304,0.029998800000000003,1
p2,F-s4,F,R2P1,46267,1,0,10,21667,24590,1153,0.03531775,
p2,F-s4,F,R2P2,47497,1,0,10,1230,46257,1131,0.0118282,
p2,F-s4,F,R2P3,48694,11,10,90,7967,572655,4707,0.09084925,
p2,F-s4,F,R2P4,56167,8,7,66,5261,463782,2995,0.06799545000000001,
p2,F-s4,F,R2P5,61132,19,18,154,10349,1271155,5411,0.16726075,
p2,F-s4,F,R2P6,71556,9,8,74,4740,660889,2551,0.08484290000000001,
p2,F-s4,F,work:H5-H8 band,76243,51,43,376,107620,4240661,20852,0.6632271000000001,
p2,F-s4,F,COMPACT#3,108956,1,0,0,0,108956,3936,0.030575599999999998,1
p2,F-s4,F,R3P1,50364,1,0,10,29713,20641,946,0.04394535,
p2,F-s4,F,R3P2,51405,1,0,10,1041,50354,1565,0.014171650000000001,
p2,F-s4,F,R3P3,53041,1,0,10,1636,51395,500,0.0096945,
p2,F-s4,F,R3P4,53595,1,0,10,554,53031,344,0.0077256,
p2,F-s4,F,R3P5,54006,1,0,10,411,53585,553,0.00864725,
p2,F-s4,F,R3P6,54642,2,1,18,1174,108628,826,0.0164783,
p2,F-s5,F,COMPACT#1,,0,0,0,0,0,0,0.0,
p2,F-s5,F,R1P1,41592,16,15,130,38400,798573,11512,0.1855473,
p2,F-s5,F,R1P2,59504,1,0,10,501,58993,542,0.00924555,
p2,F-s5,F,R1P3,60108,22,21,178,13772,1478848,7851,0.20453280000000001,
p2,F-s5,F,R1P4,73591,10,9,82,6657,771190,2644,0.09874225,
p2,F-s5,F,R1P5,80139,10,9,82,6707,825662,3968,0.11087195000000001,
p2,F-s5,F,work:WB1,87213,1,0,10,573,86630,769,0.01323425,
p2,F-s5,F,R1P6,0,10,0,0,0,0,0,0.0,
p2,F-s5,F,work:W2-W3+band,90215,6,0,60,74740,482239,5642,0.16991889999999998,
p2,F-s5,F,COMPACT#2,95343,1,0,0,0,95343,2572,0.022394300000000002,1
p2,F-s5,F,R2P1,43434,1,0,10,18834,24590,1788,0.0349515,
p2,F-s5,F,R2P2,45299,1,0,10,1865,43424,1187,0.012618650000000002,
p2,F-s5,F,R2P3,46552,33,32,266,22693,1934121,11329,0.27868935,
p2,F-s5,F,R2P4,68906,15,14,122,10122,1103472,6752,0.1568817,
p2,F-s5,F,work:H5-H8 band,78503,14,13,114,15603,1232512,8483,0.18528395,
p2,F-s5,F,R2P5,94102,15,14,122,9315,1459409,4514,0.18027664999999998,
p2,F-s5,F,R2P6,103337,1,0,10,305,103022,977,0.01557845,
p2,F-s5,F,COMPACT#3,103337,1,0,0,0,103337,2978,0.0252237,1
p2,F-s5,F,R3P1,42982,1,0,10,22331,20641,685,0.03341285,
p2,F-s5,F,R3P2,43762,1,0,10,780,42972,1372,0.0121422,
p2,F-s5,F,R3P3,45205,1,0,10,1443,43752,420,0.008288950000000002,
p2,F-s5,F,R3P4,45679,1,0,10,474,45195,357,0.006907,
p2,F-s5,F,R3P5,46103,1,0,10,424,45669,630,0.008256900000000001,
p2,F-s5,F,R3P6,46816,2,1,18,1201,92899,736,0.01448915,
p2,N-s1,N,COMPACT#1,,0,0,0,0,0,0,0.0,
p2,N-s1,N,R1P1,40179,22,21,178,44488,1183296,14976,0.2489976,
p2,N-s1,N,R1P2,65590,1,0,10,499,65081,584,0.01006185,
p2,N-s1,N,R1P3,66236,1,0,10,646,65580,1272,0.0137355,
p2,N-s1,N,R1P4,67567,16,15,130,10572,1156662,6026,0.1591412,
p2,N-s1,N,R1P5,77039,12,11,98,8908,969756,6325,0.1398336,
p2,N-s1,N,work:WB1,86365,21,20,170,21904,2056142,15610,0.3112142,
p2,N-s1,N,R1P6,0,10,0,0,0,0,0,0.0,
p2,N-s1,N,work:W2-W3+band,108719,35,33,284,107706,4103310,12834,0.6094175,
p2,N-s1,N,COMPACT#2,128307,1,0,0,0,128307,4129,0.0334757,1
p2,N-s1,N,R2P1,45225,23,22,186,33969,1194249,6994,0.19704215000000003,
p2,N-s1,N,R2P2,59262,1,0,10,693,58559,1423,0.01384715,
p2,N-s1,N,R2P3,60751,18,17,146,13437,1221179,8077,0.17944515000000003,
p2,N-s1,N,R2P4,73183,17,16,138,10723,1328998,6685,0.17986655000000001,
p2,N-s1,N,R2P5,83924,14,13,114,13497,1258285,10071,0.19316875,
p2,N-s1,N,R2P6,97492,1,0,10,573,96909,722,0.01402715,
p2,N-s1,N,work:H5-H8 band,0,19,13,114,90518,1404967,9467,0.3010932,
p2,N-s1,N,COMPACT#3,111119,1,0,0,0,111119,2129,0.021756900000000003,1
p2,N-s1,N,R3P1,45247,21,20,170,36121,1031910,4481,0.17091725,
p2,N-s1,N,R3P2,57045,3,2,26,793,171110,1415,0.02520325,
p2,N-s1,N,R3P3,58744,1,0,10,1179,57555,457,0.00952425,
p2,N-s1,N,R3P4,59255,1,0,10,511,58734,441,0.008727150000000001,
p2,N-s1,N,R3P5,59860,16,15,130,11619,1065564,5841,0.15041515000000003,
p2,N-s1,N,R3P6,71146,4,3,34,1257,284941,811,0.03415435000000001,
p3,A-s1,A,COMPACT#1,0,1,0,0,0,0,0,0.0,
p3,A-s1,A,R1P1,46013,27,26,218,61488,1782723,20252,0.35661030000000005,
p3,A-s1,A,R1P2,81099,1,0,10,57963,23126,1084,0.08019635,
p3,A-s1,A,R1P3,82272,1,0,10,1173,81089,1163,0.015400150000000001,
p3,A-s1,A,R1P4,83466,19,18,154,13049,1703122,5856,0.21605745,
p3,A-s1,A,R1P5,95847,6,5,50,6924,589435,4927,0.0922835,
p3,A-s1,A,work:WB1,103035,9,8,74,9401,959131,6032,0.13789835,
p3,A-s1,A,R1P6,112455,7,6,58,7419,800244,4652,0.11261615000000001,
p3,A-s1,A,work:W2-W3+band,119721,21,19,172,17819,2723806,12121,0.35543135000000003,
p3,A-s1,A,COMPACT#2,136882,2,0,0,0,136882,3696,0.0321682,1
p3,A-s1,A,R2P1,36773,1,0,10,13637,23126,1112,0.02492885,
p3,A-s1,A,R2P2,37933,1,0,10,14797,23126,1485,0.028243849999999997,
p3,A-s1,A,R2P3,39456,27,26,218,23632,1444623,10067,0.2245553,
p3,A-s1,A,R2P4,62258,9,8,74,8299,592671,4670,0.09306485,
p3,A-s1,A,R2P5,70625,10,9,82,11119,750328,6603,0.12202855,
p3,A-s1,A,R2P6,81931,4,3,34,3672,329819,1640,0.045805900000000004,
p3,A-s1,A,work:H5-H8 band,90976,18,16,148,85992,1712675,11993,0.3388705,
p3,A-s1,A,COMPACT#3,106641,1,0,0,0,106641,2297,0.022149099999999998,1
p3,A-s1,A,R3P1,45277,11,10,90,28712,526056,3562,0.1063956,
p3,A-s1,A,R3P2,53814,7,6,58,7564,388322,2122,0.058955200000000006,
p3,A-s1,A,R3P3,62122,1,0,10,1198,60914,530,0.010248900000000002,
p3,A-s1,A,R3P4,62706,1,0,10,584,62112,366,0.008781200000000001,
p3,A-s1,A,R3P5,63140,25,24,202,21835,1860768,12045,0.27379755000000006,
p3,A-s1,A,R3P6,85191,2,1,18,878,169712,597,0.021071700000000002,
p3,A-s2,A,COMPACT#1,0,1,0,0,0,0,0,0.0,
p3,A-s2,A,R1P1,46019,33,32,266,65428,2225389,22424,0.4167099,
p3,A-s2,A,R1P2,85247,1,0,10,62108,23129,694,0.0834279,
p3,A-s2,A,R1P3,86030,1,0,10,783,85237,1237,0.01569745,
p3,A-s2,A,R1P4,87298,16,15,130,12121,1486074,7107,0.19942365,
p3,A-s2,A,R1P5,98682,7,6,58,10640,719633,7454,0.1225913,
p3,A-s2,A,work:WB1,109458,8,7,66,10660,911769,6849,0.13881290000000002,
p3,A-s2,A,R1P6,120311,5,4,42,6950,609080,3188,0.0855775,
p3,A-s2,A,work:W2-W3+band,126953,35,33,284,22378,4924455,15030,0.595852,
p3,A-s2,A,COMPACT#2,148777,2,0,0,0,148777,3215,0.0309527,1
p3,A-s2,A,R2P1,40696,1,0,10,17557,23129,1336,0.03094915,
p3,A-s2,A,R2P2,42080,1,0,10,18941,23129,1786,0.03492915,
p3,A-s2,A,R2P3,44085,18,17,146,23600,1043115,11340,0.1906575,
p3,A-s2,A,R2P4,66288,12,11,98,12626,878008,4974,0.1285513,
p3,A-s2,A,R2P5,79014,8,7,66,11280,671356,7553,0.11906660000000001,
p3,A-s2,A,R2P6,90407,1,0,10,821,89576,740,0.01369385,
p3,A-s2,A,work:H5-H8 band,96608,7,6,58,82088,622978,4976,0.18984579999999998,
p3,A-s2,A,COMPACT#3,102737,1,0,0,0,102737,2210,0.0213237,1
p3,A-s2,A,R3P1,51022,1,0,10,26374,24638,735,0.0391163,
p3,A-s2,A,R3P2,51852,1,0,10,830,51012,845,0.010373700000000001,
p3,A-s2,A,R3P3,52769,35,34,282,35660,2478099,18442,0.3848769,
p3,A-s2,A,R3P4,87873,23,22,186,17496,2220942,10011,0.2942052,
p3,A-s2,A,R3P5,105570,18,17,146,10313,1979912,6307,0.24256345,
p3,A-s2,A,R3P6,115842,2,1,18,861,231143,796,0.028188550000000003,
p3,A-s3,A,COMPACT#1,0,1,0,0,0,0,0,0.0,
p3,A-s3,A,R1P1,44726,34,33,274,60611,2245577,18565,0.39342045000000003,
p3,A-s3,A,R1P2,80253,1,0,10,57111,23132,690,0.07716194999999999,
p3,A-s3,A,R1P3,80976,1,0,10,723,80243,1120,0.014538049999999999,
p3,A-s3,A,R1P4,82127,16,14,132,10531,1388546,5585,0.18007535,
p3,A-s3,A,R1P5,92118,10,9,82,9645,959484,5896,0.13756665,
p3,A-s3,A,work:WB1,101827,18,17,146,19678,2002382,13764,0.2938017,
p3,A-s3,A,R1P6,121511,8,7,66,11268,1016981,7234,0.15201910000000002,
p3,A-s3,A,work:W2-W3+band,132888,28,26,228,19731,4044875,11851,0.48863425,
p3,A-s3,A,COMPACT#2,151827,2,0,0,0,151827,2878,0.0295727,1
p3,A-s3,A,R2P1,42799,5,4,42,26081,207460,1616,0.06146925,
p3,A-s3,A,R2P2,49784,1,0,10,26642,23132,1045,0.0408507,
p3,A-s3,A,R2P3,50966,20,19,162,15179,1170052,9673,0.18450595,
p3,A-s3,A,R2P4,65754,11,10,90,7737,761925,4667,0.10928875,
p3,A-s3,A,R2P5,73495,8,7,66,11036,629252,7429,0.11393120000000001,
p3,A-s3,A,R2P6,84596,4,3,34,3608,340970,1316,0.045221,
p3,A-s3,A,work:H5-H8 band,93238,8,7,66,80552,711526,6266,0.20323860000000002,
p3,A-s3,A,COMPACT#3,101201,1,0,0,0,101201,2626,0.0232501,1
p3,A-s3,A,R3P1,50027,1,0,10,25379,24638,913,0.03876255,
p3,A-s3,A,R3P2,51035,3,2,26,2645,152391,1273,0.02493635,
p3,A-s3,A,R3P3,53574,16,15,130,14202,965366,8159,0.1552141,
p3,A-s3,A,R3P4,67255,13,12,106,11649,938155,8886,0.15291275,
p3,A-s3,A,R3P5,79115,12,11,98,10939,1000942,8189,0.15481095,
p3,A-s3,A,R3P6,90064,2,1,18,878,179506,772,0.0229261,
p3,A-s4,A,COMPACT#1,0,1,0,0,0,0,0,0.0,
p3,A-s4,A,R1P1,44718,30,29,242,64531,2070749,20808,0.39202065,
p3,A-s4,A,R1P2,84181,1,0,10,61043,23128,811,0.08268155,
p3,A-s4,A,R1P3,85303,1,0,10,1122,84171,1439,0.017024599999999997,
p3,A-s4,A,R1P4,86773,9,7,76,8069,807544,4075,0.11129165,
p3,A-s4,A,R1P5,93884,1,0,10,512,93362,737,0.013671200000000001,
p3,A-s4,A,work:WB1,94683,1,0,10,799,93874,942,0.01510615,
p3,A-s4,A,R1P6,95845,2,1,18,3422,190508,2279,0.0347413,
p3,A-s4,A,work:W2-W3+band,98543,27,25,220,13021,2849213,8214,0.34248755,
p3,A-s4,A,COMPACT#2,111124,2,0,0,0,111124,3285,0.0275374,1
p3,A-s4,A,R2P1,35152,13,12,106,22565,523174,2633,0.09379465,
p3,A-s4,A,R2P2,46608,1,0,10,23470,23128,1390,0.0386103,
p3,A-s4,A,R2P3,48036,13,12,106,16003,734480,7951,0.13331275,
p3,A-s4,A,R2P4,63206,9,8,74,7838,600336,4059,0.0902001,
p3,A-s4,A,R2P5,71384,15,14,122,11487,1145774,7315,0.16563315000000003,
p3,A-s4,A,R2P6,82933,3,2,26,3530,248605,1206,0.035329,
p3,A-s4,A,work:H5-H8 band,91613,11,10,90,84929,1022715,8820,0.25262275,
p3,A-s4,A,COMPACT#3,105578,1,0,0,0,105578,2606,0.023587800000000003,1
p3,A-s4,A,R3P1,45778,1,0,10,21130,24638,787,0.032821300000000005,
p3,A-s4,A,R3P2,46660,1,0,10,882,45768,987,0.0106243,
p3,A-s4,A,R3P3,47719,30,29,242,35548,2010974,14850,0.32002440000000004,
p3,A-s4,A,R3P4,82685,15,14,122,11135,1338254,5515,0.17544115,
p3,A-s4,A,R3P5,93839,20,19,162,12581,1981104,8029,0.25414365,
p3,A-s4,A,R3P6,106454,2,1,18,803,212358,655,0.025532550000000005,
p3,A-s5,A,COMPACT#1,0,1,0,0,0,0,0,0.0,
p3,A-s5,A,R1P1,44724,22,21,178,53558,1356504,15480,0.28017590000000003,
p3,A-s5,A,R1P2,73209,1,0,10,50068,23131,927,0.06954310000000001,
p3,A-s5,A,R1P3,74169,11,10,90,15631,906064,9051,0.15549015000000002,
p3,A-s5,A,R1P4,89497,5,4,42,4581,455414,2175,0.06218465,
p3,A-s5,A,R1P5,93844,7,6,58,9332,679423,6980,0.11456530000000001,
p3,A-s5,A,work:WB1,103530,13,12,106,11295,1428932,7648,0.19535795,
p3,A-s5,A,R1P6,114756,3,2,26,8718,347202,5641,0.07384870000000002,
p3,A-s5,A,work:W2-W3+band,123466,40,38,324,21962,5444845,14979,0.647156,
p3,A-s5,A,COMPACT#2,144726,2,0,0,0,144726,4287,0.0359076,1
p3,A-s5,A,R2P1,45373,1,0,10,22232,23131,1309,0.0366581,
p3,A-s5,A,R2P2,46784,1,0,10,23643,23131,1320,0.03847685,
p3,A-s5,A,R2P3,48323,20,19,162,27658,1304670,12150,0.2259515,
p3,A-s5,A,R2P4,75305,7,6,58,8740,553505,5840,0.0955335,
p3,A-s5,A,R2P5,84110,16,15,130,13484,1454371,7425,0.1995471,
p3,A-s5,A,R2P6,97643,5,4,42,3979,493445,1555,0.06213525,
p3,A-s5,A,work:H5-H8 band,106572,12,11,98,96059,1269164,7720,0.28568815000000003,
p3,A-s5,A,COMPACT#3,116708,1,0,0,0,116708,3585,0.029595800000000002,1
p3,A-s5,A,R3P1,47018,7,6,58,24614,313570,1781,0.0710875,
p3,A-s5,A,R3P2,49786,1,0,10,524,49252,1082,0.0110002,
p3,A-s5,A,R3P3,50940,1,0,10,1154,49776,493,0.0088951,
p3,A-s5,A,R3P4,51584,4,3,34,3343,209732,1162,0.03099595,
p3,A-s5,A,R3P5,54643,36,35,290,22786,2386928,10500,0.31996530000000006,
p3,A-s5,A,R3P6,77466,2,1,18,741,154515,557,0.01918075,
p3,B-s1,B,COMPACT#1,0,1,0,0,0,0,0,0.0,
p3,B-s1,B,R1P1,45929,21,20,170,56160,1316862,18082,0.2924662,
p3,B-s1,B,R1P2,75694,1,0,10,52553,23131,565,0.07083935000000001,
p3,B-s1,B,R1P3,76348,17,16,138,18044,1458479,9505,0.2160659,
p3,B-s1,B,R1P4,94554,14,12,116,11049,1386140,7141,0.18824625,
p3,B-s1,B,R1P5,105315,6,5,50,8444,653410,5650,0.104196,
p3,B-s1,B,work:WB1,114082,10,9,82,11999,1189303,7622,0.17212105,
p3,B-s1,B,R1P6,125957,5,4,42,8631,644041,5922,0.10484485,
p3,B-s1,B,work:W2-W3+band,134537,16,14,132,14512,2254852,8928,0.2883972,
p3,B-s1,B,COMPACT#2,148371,2,0,0,0,148371,4255,0.0361121,1
p3,B-s1,B,R2P1,45714,1,0,10,22573,23131,579,0.03343435,
p3,B-s1,B,R2P2,46341,1,0,10,23200,23131,1244,0.037543099999999996,
p3,B-s1,B,R2P3,47679,1,0,10,1338,46331,1440,0.013515600000000001,
p3,B-s1,B,R2P4,49148,1,0,10,1469,47669,757,0.010398150000000002,
p3,B-s1,B,R2P5,50277,1,0,10,1129,49138,708,0.00987505,
p3,B-s1,B,R2P6,51004,1,0,10,727,50267,730,0.00959545,
p3,B-s1,B,work:H5-H8 band,56945,55,51,448,92209,4789154,37518,0.78221465,
p3,B-s1,B,COMPACT#3,112858,1,0,0,0,112858,2749,0.025030800000000002,1
p3,B-s1,B,R3P1,45157,5,4,42,23680,210665,2014,0.0607785,
p3,B-s1,B,R3P2,49173,1,0,10,845,48318,857,0.010183049999999999,
p3,B-s1,B,R3P3,50102,1,0,10,929,49163,379,0.00798255,
p3,B-s1,B,R3P4,50535,1,0,10,433,50092,330,0.007210450000000001,
p3,B-s1,B,R3P5,51030,8,7,66,12621,451320,6152,0.09173425,
p3,B-s1,B,R3P6,63994,4,3,34,1688,256120,1196,0.033736,
p3,B-s2,B,COMPACT#1,0,1,0,0,0,0,0,0.0,
p3,B-s2,B,R1P1,45927,48,47,386,74526,3537320,27072,0.5826355,
p3,B-s2,B,R1P2,94462,1,0,10,71322,23130,787,0.0954105,
p3,B-s2,B,R1P3,95282,1,0,10,820,94452,1425,0.0176052,
p3,B-s2,B,R1P4,96919,4,3,34,4857,390210,1493,0.05259125,
p3,B-s2,B,R1P5,100606,6,5,50,6475,614907,4354,0.09140445000000001,
p3,B-s2,B,work:WB1,107366,9,8,74,9386,1005581,6077,0.1427496,
p3,B-s2,B,R1P6,117087,3,2,26,4742,352123,2047,0.0514008,
p3,B-s2,B,work:W2-W3+band,121324,37,35,300,25963,5088253,15552,0.61933905,
p3,B-s2,B,COMPACT#2,146703,2,0,0,0,146703,3600,0.032670300000000006,1
p3,B-s2,B,R2P1,39427,6,12,50,25601,243498,3276,0.07278105,
p3,B-s2,B,R2P2,49461,1,0,10,26321,23130,862,0.03953425,
p3,B-s2,B,R2P3,50361,8,14,66,11670,451247,8297,0.10126320000000001,
p3,B-s2,B,R2P4,61952,2,0,20,1610,123063,711,0.0178938,
p3,B-s2,B,R2P5,63359,10,16,82,15163,708509,7891,0.12934165,
p3,B-s2,B,R2P6,78773,1,0,10,869,77894,528,0.011525650000000002,
p3,B-s2,B,work:H5-H8 band,84791,15,18,122,83330,1384239,14173,0.3135734,
p3,B-s2,B,COMPACT#3,103979,1,0,0,0,103979,2487,0.0228329,1
p3,B-s2,B,R3P1,47132,1,0,10,22484,24638,671,0.0339338,
p3,B-s2,B,R3P2,47898,1,0,10,766,47122,1150,0.011429700000000001,
p3,B-s2,B,R3P3,49120,1,0,10,1222,47888,417,0.0084113,
p3,B-s2,B,R3P4,49591,1,0,10,471,49110,390,0.00745975,
p3,B-s2,B,R3P5,50048,1,0,10,457,49581,473,0.007904350000000001,
p3,B-s2,B,R3P6,50604,2,1,18,1014,100632,588,0.014288700000000001,
p3,B-s3,B,COMPACT#1,0,1,0,0,0,0,0,0.0,
p3,B-s3,B,R1P1,45931,39,38,314,65450,2719353,23113,0.4696268,
p3,B-s3,B,R1P2,85172,1,0,10,62030,23132,947,0.0845957,
p3,B-s3,B,R1P3,86251,1,0,10,1079,85162,1248,0.01611495,
p3,B-s3,B,R1P4,87530,16,14,132,14691,1519520,5882,0.19985775,
p3,B-s3,B,R1P5,101487,1,0,10,78345,23132,410,0.10230444999999999,
p3,B-s3,B,work:WB1,102140,15,14,122,12905,1641002,9206,0.22638345,
p3,B-s3,B,R1P6,115338,12,11,98,14728,1475235,8174,0.2069015,
p3,B-s3,B,work:W2-W3+band,129731,41,39,332,25998,5931084,15379,0.7028329,
p3,B-s3,B,COMPACT#2,155116,2,0,0,0,155116,3459,0.0328066,1
p3,B-s3,B,R2P1,42427,1,0,10,19285,23132,1229,0.03257445,
p3,B-s3,B,R2P2,43704,1,0,10,20562,23132,1021,0.0331307,
p3,B-s3,B,R2P3,44944,1,0,10,1240,43694,1019,0.011024400000000002,
p3,B-s3,B,R2P4,46048,2,0,20,1873,90972,611,0.01451345,
p3,B-s3,B,R2P5,47311,11,10,90,17338,638788,7686,0.12407130000000001,
p3,B-s3,B,R2P6,65186,1,0,10,1031,64145,751,0.01146825,
p3,B-s3,B,work:H5-H8 band,71124,34,31,278,80558,2903830,21314,0.4979285,
p3,B-s3,B,COMPACT#3,101207,1,0,0,0,101207,2463,0.0224357,1
p3,B-s3,B,R3P1,53939,1,0,10,29291,24638,1075,0.04446255,
p3,B-s3,B,R3P2,55109,1,0,10,1170,53929,1214,0.012935400000000001,
p3,B-s3,B,R3P3,56395,1,0,10,1286,55099,473,0.009492400000000002,
p3,B-s3,B,R3P4,56922,1,0,10,527,56385,347,0.00804225,
p3,B-s3,B,R3P5,57337,23,22,186,22727,1604946,14205,0.26011435,
p3,B-s3,B,R3P6,80553,3,2,26,1972,241244,904,0.0311354,
p3,B-s4,B,COMPACT#1,0,1,0,0,0,0,0,0.0,
p3,B-s4,B,R1P1,47224,34,33,274,66234,2375129,23237,0.4367644,
p3,B-s4,B,R1P2,85942,1,0,10,62803,23129,480,0.08322665,
p3,B-s4,B,R1P3,86455,1,0,10,513,85932,607,0.01227945,
p3,B-s4,B,R1P4,87093,14,12,116,11131,1295172,4860,0.16784695000000002,
p3,B-s4,B,R1P5,98209,1,0,10,75070,23129,673,0.0995254,
p3,B-s4,B,work:WB1,99043,13,12,106,13623,1374506,8749,0.19833035000000002,
p3,B-s4,B,R1P6,112638,4,3,34,6072,457903,4041,0.0736193,
p3,B-s4,B,work:W2-W3+band,118678,2,0,20,1620,236562,1269,0.032046200000000004,
p3,B-s4,B,COMPACT#2,119524,2,0,0,0,119524,3659,0.0302474,1
p3,B-s4,B,R2P1,45161,1,0,10,22022,23129,783,0.0337654,
p3,B-s4,B,R2P2,45992,1,0,10,22853,23129,870,0.035239150000000004,
p3,B-s4,B,R2P3,46900,17,16,138,21397,1032386,10362,0.18193285,
p3,B-s4,B,R2P4,67981,2,0,20,45568,91100,520,0.06869,
p3,B-s4,B,R2P5,68816,18,17,146,15724,1379451,8113,0.19831110000000002,
p3,B-s4,B,R2P6,85396,1,0,10,965,84421,778,0.01354835,
p3,B-s4,B,work:H5-H8 band,91461,14,13,114,82349,1305950,8396,0.27562525,
p3,B-s4,B,COMPACT#3,102998,1,0,0,0,102998,2778,0.024189800000000004,1
p3,B-s4,B,R3P1,52135,3,2,26,29461,130254,1251,0.05613265,
p3,B-s4,B,R3P2,54384,1,0,10,275,54099,1190,0.01171365,
p3,B-s4,B,R3P3,55646,1,0,10,1262,54374,398,0.009014900000000001,
p3,B-s4,B,R3P4,56098,1,0,10,452,55636,375,0.008013600000000001,
p3,B-s4,B,R3P5,56541,1,0,10,443,56088,948,0.01091255,
p3,B-s4,B,R3P6,57572,3,2,26,2063,172202,902,0.02433495,
p3,B-s5,B,COMPACT#1,0,1,0,0,0,0,0,0.0,
p3,B-s5,B,R1P1,45925,36,35,290,69119,2580918,25707,0.47331555000000003,
p3,B-s5,B,R1P2,88962,1,0,10,65823,23129,1140,0.09030165,
p3,B-s5,B,R1P3,90234,1,0,10,1272,88952,781,0.0144002,
p3,B-s5,B,R1P4,91046,20,18,164,13146,1953103,7282,0.2483168,
p3,B-s5,B,R1P5,103957,1,0,10,577,103370,572,0.01392825,
p3,B-s5,B,work:WB1,104772,11,10,90,9716,1203205,6377,0.1644405,
p3,B-s5,B,R1P6,114615,4,3,34,5077,460785,2557,0.06524375,
p3,B-s5,B,work:W2-W3+band,119658,28,26,228,21881,3679080,14533,0.46815225,
p3,B-s5,B,COMPACT#2,140629,2,0,0,0,140629,2318,0.025652900000000003,1
p3,B-s5,B,R2P1,41662,1,0,10,18523,23129,1182,0.03138665,
p3,B-s5,B,R2P2,42892,1,0,10,19753,23129,1208,0.033054150000000004,
p3,B-s5,B,R2P3,44194,1,0,10,1302,42882,1164,0.011745700000000001,
p3,B-s5,B,R2P4,45387,2,0,20,2301,89561,873,0.016217350000000002,
p3,B-s5,B,R2P5,46956,1,0,10,461,46485,667,0.00856975,
p3,B-s5,B,R2P6,47642,1,0,10,686,46946,976,0.010442100000000001,
p3,B-s5,B,work:H5-H8 band,53800,69,65,560,95371,6065530,45261,0.95263175,
p3,B-s5,B,COMPACT#3,116020,1,0,0,0,116020,3424,0.028722,1
p3,B-s5,B,R3P1,49430,1,0,10,24782,24638,675,0.036826300000000006,
p3,B-s5,B,R3P2,50200,1,0,10,770,49420,1077,0.0112995,
p3,B-s5,B,R3P3,51349,1,0,10,1149,50190,459,0.00876025,
p3,B-s5,B,R3P4,51862,1,0,10,513,51339,394,0.007755150000000001,
p3,B-s5,B,R3P5,52324,1,0,10,462,51852,654,0.0090427,
p3,B-s5,B,R3P6,53061,3,2,26,1986,158940,1114,0.0239725,
p3,F-s1,F,COMPACT#1,,0,0,0,0,0,0,0.0,
p3,F-s1,F,R1P1,50298,31,30,250,64054,2107402,20900,0.3955577,
p3,F-s1,F,R1P2,85208,1,0,10,551,84647,710,0.012713450000000001,
p3,F-s1,F,R1P3,85980,1,0,10,772,85198,1274,0.015864800000000002,
p3,F-s1,F,R1P4,87411,16,15,130,12572,1475399,7635,0.2015599,
p3,F-s1,F,R1P5,99287,7,6,58,9056,716623,7464,0.1203603,
p3,F-s1,F,work:WB1,108653,15,14,122,18530,1732513,13271,0.26289080000000004,
p3,F-s1,F,R1P6,126881,18,7,68,121328,940091,5462,0.2730471,
p3,F-s1,F,work:W2-W3+band,138470,11,9,92,10877,1570733,8210,0.21181155000000002,
p3,F-s1,F,COMPACT#2,147765,1,0,0,0,147765,3299,0.0312715,1
p3,F-s1,F,R2P1,50265,2,1,18,26874,74845,1433,0.04826,
p3,F-s1,F,R2P2,52237,1,0,10,763,51464,918,0.010700150000000002,
p3,F-s1,F,R2P3,53222,21,20,170,18383,1310111,8881,0.19856485000000001,
p3,F-s1,F,work:D5-extra,71294,44,40,360,87820,3983354,28894,0.6529404,
p3,F-s1,F,R2P4,109057,8,7,66,7517,900148,5073,0.12484205,
p3,F-s1,F,R2P5,116488,11,10,90,12075,1334490,7885,0.18805775,
p3,F-s1,F,R2P6,128735,7,6,58,5271,915416,2924,0.11280835,
p3,F-s1,F,COMPACT#3,133284,1,0,0,0,133284,4363,0.0351434,1
p3,F-s1,F,R3P1,51030,1,0,10,30379,20641,362,0.04185785,
p3,F-s1,F,R3P2,51487,1,0,10,457,51020,1166,0.01151325,
p3,F-s1,F,R3P3,52725,1,0,10,1238,51477,483,0.0091202,
p3,F-s1,F,R3P4,53262,1,0,10,537,52715,255,0.00722775,
p3,F-s1,F,R3P5,53585,1,0,10,323,53252,412,0.007798950000000001,
p3,F-s1,F,R3P6,54080,3,2,26,1649,162194,1010,0.023356650000000003,
p3,F-s2,F,COMPACT#1,,0,0,0,0,0,0,0.0,
p3,F-s2,F,R1P1,50288,18,17,146,49555,1084459,12840,0.23473565000000002,
p3,F-s2,F,R1P2,70957,2,1,18,1794,141095,621,0.019475,
p3,F-s2,F,R1P3,72454,1,0,10,502,71942,1728,0.016471700000000002,
p3,F-s2,F,R1P4,74242,16,15,130,11552,1262184,7618,0.17887840000000002,
p3,F-s2,F,R1P5,84670,9,8,74,11124,800658,8876,0.1384248,
p3,F-s2,F,work:WB1,95968,15,14,122,15798,1545699,9128,0.22007939999999998,
p3,F-s2,F,R1P6,111772,3,2,26,4696,337948,3820,0.058790800000000004,
p3,F-s2,F,work:W2-W3+band,116314,15,13,124,108843,1754286,10573,0.36447134999999997,
p3,F-s2,F,COMPACT#2,129444,1,0,0,0,129444,4390,0.0348944,1
p3,F-s2,F,R2P1,48005,4,5,34,28803,172318,2472,0.06562955000000001,
p3,F-s2,F,R2P2,54490,1,0,10,1087,53393,1708,0.015248049999999999,
p3,F-s2,F,R2P3,56362,16,15,130,15570,1007786,11325,0.17699610000000002,
p3,F-s2,F,work:D5-extra,70743,43,40,350,88417,3796528,32212,0.6515840500000001,
p3,F-s2,F,R2P4,109790,12,11,98,10475,1365594,8282,0.19116115,
p3,F-s2,F,R2P5,120252,11,10,90,16585,1391787,8417,0.20208495,
p3,F-s2,F,R2P6,137014,2,1,18,2165,273074,1045,0.03525665,
p3,F-s2,F,COMPACT#3,138243,1,0,0,0,138243,4015,0.0338993,1
p3,F-s2,F,R3P1,50848,1,0,10,30197,20641,841,0.04402535,
p3,F-s2,F,R3P2,51784,1,0,10,936,50838,962,0.0110738,
p3,F-s2,F,R3P3,52818,1,0,10,1034,51774,502,0.008989900000000002,
p3,F-s2,F,R3P4,53374,1,0,10,556,52808,716,0.0095658,
p3,F-s2,F,R3P5,54158,1,0,10,784,53364,603,0.009341400000000001,
p3,F-s2,F,R3P6,54844,3,2,26,1638,164260,911,0.0230545,
p3,F-s3,F,COMPACT#1,,0,0,0,0,0,0,0.0,
p3,F-s3,F,R1P1,50306,29,28,234,56067,1831372,17294,0.33992495,
p3,F-s3,F,R1P2,77194,1,0,10,524,76660,620,0.011431,
p3,F-s3,F,R1P3,77876,54,53,434,46574,5623994,25091,0.7465059000000001,
p3,F-s3,F,R1P4,124201,5,3,44,3514,625767,2601,0.08001820000000001,
p3,F-s3,F,R1P5,127633,8,7,66,8547,1041990,6740,0.14864875,
p3,F-s3,F,work:WB1,136322,7,6,58,7947,976809,5286,0.13410265000000002,
p3,F-s3,F,R1P6,144338,18,7,68,133622,1062416,6244,0.30455709999999997,
p3,F-s3,F,work:W2-W3+band,155137,21,19,172,17274,3439100,11064,0.4209945,
p3,F-s3,F,COMPACT#2,170935,1,0,0,0,170935,3730,0.0357435,1
p3,F-s3,F,R2P1,45657,3,2,26,23468,116658,1585,0.048951800000000004,
p3,F-s3,F,R2P2,49060,1,0,10,992,48058,920,0.0106558,
p3,F-s3,F,R2P3,50047,10,9,82,11432,550818,7883,0.1088688,
p3,F-s3,F,work:D5-extra,61275,51,48,414,90629,4374079,33828,0.72024815,
p3,F-s3,F,R2P4,111894,6,5,50,7969,689621,6335,0.11064835,
p3,F-s3,F,R2P5,119714,10,9,82,12074,1242712,7704,0.1779657,
p3,F-s3,F,R2P6,132045,1,0,10,770,131265,784,0.018019,
p3,F-s3,F,COMPACT#3,132045,1,0,0,0,132045,2774,0.0270745,1
p3,F-s3,F,R3P1,46840,3,2,26,28163,115918,1851,0.05607655,
p3,F-s3,F,R3P2,49587,1,0,10,773,48804,594,0.008826650000000002,
p3,F-s3,F,R3P3,50253,1,0,10,666,49577,481,0.008205200000000001,
p3,F-s3,F,R3P4,50788,1,0,10,535,50243,435,0.007878050000000001,
p3,F-s3,F,R3P5,51291,7,6,58,7008,379580,5715,0.075351,
p3,F-s3,F,R3P6,58283,3,2,26,1299,174583,761,0.02291305,
p3,F-s4,F,COMPACT#1,,0,0,0,0,0,0,0.0,
p3,F-s4,F,R1P1,50292,22,21,178,51423,1364996,16975,0.28583135,
p3,F-s4,F,R1P2,72791,1,0,10,765,72016,534,0.01083785,
p3,F-s4,F,R1P3,73387,1,0,10,596,72781,1569,0.0158781,
p3,F-s4,F,R1P4,75016,6,4,52,6404,458820,3940,0.073639,
p3,F-s4,F,R1P5,80169,12,11,98,14537,1041100,11371,0.17923425,
p3,F-s4,F,work:WB1,94801,16,15,130,13897,1638965,9735,0.23007275,
p3,F-s4,F,R1P6,0,12,1,18,91886,130054,2921,0.1424859,
p3,F-s4,F,work:W2-W3+band,113010,15,13,124,25991,1847851,14912,0.29195784999999996,
p3,F-s4,F,COMPACT#2,138478,1,0,0,0,138478,3129,0.029492800000000003,1
p3,F-s4,F,R2P1,45855,5,4,42,25258,215220,2926,0.0677665,
p3,F-s4,F,R2P2,51174,1,0,10,1316,49848,1280,0.013039799999999999,
p3,F-s4,F,R2P3,52521,22,21,178,23931,1430649,15043,0.24837165,
p3,F-s4,F,work:D5-extra,76020,38,36,308,87143,3487046,24573,0.5808063500000001,
p3,F-s4,F,R2P4,108448,15,14,122,13581,1731793,8523,0.23289255,
p3,F-s4,F,R2P5,121937,21,20,170,17360,2727665,10965,0.3494615,
p3,F-s4,F,R2P6,139517,10,9,82,5894,1418944,2931,0.1639989,
p3,F-s4,F,COMPACT#3,144579,1,0,0,0,144579,4052,0.0347179,1
p3,F-s4,F,R3P1,46930,1,0,10,26279,20641,670,0.03827285,
p3,F-s4,F,R3P2,47695,1,0,10,765,46920,1260,0.01195825,
p3,F-s4,F,R3P3,49027,1,0,10,1332,47685,754,0.0102135,
p3,F-s4,F,R3P4,49835,1,0,10,808,49017,686,0.009351700000000001,
p3,F-s4,F,R3P5,50589,5,4,42,3739,257696,2102,0.04099535000000001,
p3,F-s4,F,R3P6,53978,3,2,26,1256,161755,807,0.0218065,
p3,F-s5,F,COMPACT#1,,0,0,0,0,0,0,0.0,
p3,F-s5,F,R1P1,50298,26,25,210,55271,1663545,16536,0.31833325,
p3,F-s5,F,R1P2,76528,1,0,10,654,75864,707,0.011948900000000002,
p3,F-s5,F,R1P3,77297,1,0,10,769,76518,649,0.01186805,
p3,F-s5,F,R1P4,78006,10,8,84,8745,814540,4131,0.11312425,
p3,F-s5,F,R1P5,86413,1,0,10,371,86032,523,0.011691950000000001,
p3,F-s5,F,work:WB1,87027,11,10,90,12080,1014873,9011,0.1617323,
p3,F-s5,F,R1P6,0,15,4,42,85169,432934,4518,0.17238665,
p3,F-s5,F,work:W2-W3+band,106477,25,23,204,29158,2986378,15206,0.4113193,
p3,F-s5,F,COMPACT#2,134928,1,0,0,0,134928,2725,0.027117800000000004,1
p3,F-s5,F,R2P1,44250,4,3,34,23583,162587,2853,0.06003645,
p3,F-s5,F,R2P2,49748,1,0,10,1565,48173,933,0.01144855,
p3,F-s5,F,R2P3,50748,1,0,10,1000,49738,976,0.0111138,
p3,F-s5,F,work:D5-extra,51862,65,61,528,86961,5223605,40601,0.83459475,
p3,F-s5,F,R2P4,108359,13,12,106,10734,1458744,7398,0.1963879,
p3,F-s5,F,R2P5,118963,9,8,74,14392,1119890,11260,0.186353,
p3,F-s5,F,R2P6,133398,3,2,26,1804,399979,1642,0.0504889,
p3,F-s5,F,COMPACT#3,134492,1,0,0,0,134492,3863,0.0327642,1
p3,F-s5,F,R3P1,52806,5,4,42,36057,238036,2153,0.07968185000000001,
p3,F-s5,F,R3P2,57452,1,0,10,744,56698,1815,0.0156848,
p3,F-s5,F,R3P3,59436,1,0,10,1984,57442,1018,0.013324200000000001,
p3,F-s5,F,R3P4,60508,1,0,10,1072,59426,586,0.0102226,
p3,F-s5,F,R3P5,61162,1,0,10,654,60498,635,0.0100523,
p3,F-s5,F,R3P6,61880,4,3,34,1970,247773,1097,0.032758800000000005,
p3,N-s1,N,COMPACT#1,,0,0,0,0,0,0,0.0,
p3,N-s1,N,R1P1,49571,49,48,394,74935,3563219,30888,0.6048246500000001,
p3,N-s1,N,R1P2,96256,1,0,10,718,95528,1196,0.0164403,
p3,N-s1,N,R1P3,97514,29,28,234,22759,3192330,14683,0.42133075,
p3,N-s1,N,R1P4,119602,6,5,50,4429,724656,3315,0.09462685000000001,
p3,N-s1,N,R1P5,123924,10,9,82,15285,1287187,10734,0.20157695,
p3,N-s1,N,work:WB1,139500,4,3,34,5618,565450,4959,0.0883965,
p3,N-s1,N,R1P6,0,10,1,18,129881,166231,4206,0.20002235000000002,
p3,N-s1,N,work:W2-W3+band,150890,10,8,84,9852,1558914,8492,0.2107504,
p3,N-s1,N,COMPACT#2,160336,1,0,0,0,160336,3557,0.0338186,1
p3,N-s1,N,R2P1,49420,43,42,346,49128,2741257,13215,0.4019567,
p3,N-s1,N,R2P2,74268,1,0,10,540,73718,1315,0.014631799999999999,
p3,N-s1,N,R2P3,77482,17,11,100,88504,942073,6864,0.23925729999999998,
p3,N-s1,N,work:D5-extra,87927,24,22,196,85146,2241398,14428,0.40290830000000005,
p3,N-s1,N,R2P4,107435,10,9,82,9476,1121291,7143,0.1597711,
p3,N-s1,N,R2P5,116677,5,4,42,6010,591050,3848,0.0858995,
p3,N-s1,N,R2P6,122641,3,2,26,2695,368912,2004,0.05030595,
p3,N-s1,N,COMPACT#3,124741,1,0,0,0,124741,2139,0.023169099999999998,1
p3,N-s1,N,R3P1,41966,1,0,10,21315,20641,742,0.03242785,
p3,N-s1,N,R3P2,42803,10,10,82,6012,449633,3063,0.0678753,
p3,N-s1,N,R3P3,49254,1,0,10,1276,47968,627,0.0095368,
p3,N-s1,N,R3P4,49935,1,0,10,681,49244,412,0.007845650000000001,
p3,N-s1,N,R3P5,50415,10,9,82,6398,531575,3449,0.078482,
p3,N-s1,N,R3P6,56679,3,2,26,808,169918,747,0.0217628,
